"pid","hhid","ppid","gender","age","resp_status","religion","caste","didsurv"
"2800101",28001,1,"Male",65,NA,NA,NA,NA
"2800102",28001,2,"Male",41,NA,NA,NA,NA
"2800103",28001,3,"Female",32,NA,NA,NA,NA
"2800104",28001,4,"Female",11,NA,NA,NA,NA
"2800105",28001,5,"Female",9,NA,NA,NA,NA
"2800106",28001,6,"Male",37,NA,NA,NA,NA
"2800201",28002,1,"Male",70,NA,NA,NA,NA
"2800202",28002,2,"Female",60,NA,NA,NA,NA
"2800203",28002,3,"Male",45,NA,NA,NA,NA
"2800204",28002,4,"Female",35,NA,NA,NA,NA
"2800205",28002,5,"Female",17,NA,NA,NA,NA
"2800206",28002,6,"Male",14,NA,NA,NA,NA
"2800207",28002,7,"Female",12,NA,NA,NA,NA
"2800208",28002,8,"Male",43,NA,NA,NA,NA
"2800209",28002,9,"Female",32,NA,NA,NA,NA
"2800210",28002,10,"Male",7,NA,NA,NA,NA
"2800211",28002,11,"Male",31,NA,NA,NA,NA
"2800212",28002,12,"Female",23,NA,NA,NA,NA
"2800213",28002,13,"Male",29,NA,NA,NA,NA
"2800214",28002,14,"Female",21,NA,NA,NA,NA
"2800215",28002,15,"Female",2,NA,NA,NA,NA
"2800216",28002,16,"Male",26,NA,NA,NA,NA
"2800301",28003,1,"Male",30,NA,NA,NA,NA
"2800302",28003,2,"Female",28,NA,NA,NA,NA
"2800303",28003,3,"Male",12,NA,NA,NA,NA
"2800304",28003,4,"Female",10,NA,NA,NA,NA
"2800305",28003,5,"Male",8,NA,NA,NA,NA
"2800401",28004,1,"Female",55,"Head of Household","HINDUISM","SCHEDULED TRIBE",1
"2800402",28004,2,"Male",30,"Other","HINDUISM","SCHEDULED TRIBE",1
"2800403",28004,3,"Female",20,"Other","HINDUISM","SCHEDULED TRIBE",1
"2800501",28005,1,"Female",60,NA,NA,NA,NA
"2800601",28006,1,"Male",55,"Head of Household","HINDUISM","OBC",1
"2800602",28006,2,"Female",45,"Spouse of Head of Household","HINDUISM","OBC",1
"2800603",28006,3,"Female",17,NA,NA,NA,NA
"2800604",28006,4,"Male",20,NA,NA,NA,NA
"2800701",28007,1,"Female",48,"Head of Household","HINDUISM","OBC",1
"2800702",28007,2,"Male",23,NA,NA,NA,NA
"2800703",28007,3,"Male",21,NA,NA,NA,NA
"2800704",28007,4,"Female",60,NA,NA,NA,NA
"2800801",28008,1,"Male",42,NA,NA,NA,NA
"2800802",28008,2,"Female",38,NA,NA,NA,NA
"2800803",28008,3,"Male",21,NA,NA,NA,NA
"2800804",28008,4,"Male",20,NA,NA,NA,NA
"2800901",28009,1,"Female",70,NA,NA,NA,NA
"2800902",28009,2,"Male",50,NA,NA,NA,NA
"2800903",28009,3,"Female",42,NA,NA,NA,NA
"2800904",28009,4,"Female",13,NA,NA,NA,NA
"2800905",28009,5,"Male",45,NA,NA,NA,NA
"2800906",28009,6,"Female",39,NA,NA,NA,NA
"2800907",28009,7,"Male",13,NA,NA,NA,NA
"2800908",28009,8,"Male",43,NA,NA,NA,NA
"2800909",28009,9,"Female",35,NA,NA,NA,NA
"2800910",28009,10,"Female",15,NA,NA,NA,NA
"2800911",28009,11,"Male",15,NA,NA,NA,NA
"2800912",28009,12,"Female",13,NA,NA,NA,NA
"2800913",28009,13,"Male",40,NA,NA,NA,NA
"2800914",28009,14,"Female",34,NA,NA,NA,NA
"2800915",28009,15,"Male",7,NA,NA,NA,NA
"2800916",28009,16,"Female",6,NA,NA,NA,NA
"2800917",28009,17,"Male",36,NA,NA,NA,NA
"2800918",28009,18,"Female",30,NA,NA,NA,NA
"2800919",28009,19,"Female",8,NA,NA,NA,NA
"2800920",28009,20,"Female",6,NA,NA,NA,NA
"2800921",28009,21,"Female",4,NA,NA,NA,NA
"2800922",28009,22,"Male",32,NA,NA,NA,NA
"2800923",28009,23,"Female",27,NA,NA,NA,NA
"2800924",28009,24,"Female",1,NA,NA,NA,NA
"2800925",28009,25,"Female",12,NA,NA,NA,NA
"2800926",28009,26,"Male",30,NA,NA,NA,NA
"2800927",28009,27,"Male",28,NA,NA,NA,NA
"2800928",28009,28,"Male",26,NA,NA,NA,NA
"2801001",28010,1,"Male",50,"Head of Household","HINDUISM","OBC",1
"2801002",28010,2,"Female",41,"Spouse of Head of Household","HINDUISM","OBC",1
"2801003",28010,3,"Female",35,"Spouse of Head of Household","HINDUISM","OBC",1
"2801004",28010,4,"Male",25,NA,NA,NA,NA
"2801005",28010,5,"Female",21,"Other","HINDUISM","OBC",1
"2801006",28010,6,"Male",23,NA,NA,NA,NA
"2801007",28010,7,"Female",18,"Other","HINDUISM","OBC",1
"2801008",28010,8,"Male",16,NA,NA,NA,NA
"2801009",28010,9,"Male",14,NA,NA,NA,NA
"2801010",28010,10,"Male",12,NA,NA,NA,NA
"2801101",28011,1,"Male",65,"Head of Household","HINDUISM","OBC",1
"2801102",28011,2,"Male",42,"Other","HINDUISM","OBC",1
"2801103",28011,3,"Female",30,NA,NA,NA,NA
"2801104",28011,4,"Male",2,NA,NA,NA,NA
"2801105",28011,5,"Male",35,"Other","HINDUISM","OBC",1
"2801106",28011,6,"Female",28,"Other","HINDUISM","OBC",1
"2801107",28011,7,"Female",28,"Other","HINDUISM","OBC",1
"2801108",28011,8,"Female",5,NA,NA,NA,NA
"2801109",28011,9,"Female",3,NA,NA,NA,NA
"2801110",28011,10,"Female",75,NA,NA,NA,NA
"2801201",28012,1,"Male",45,NA,NA,NA,NA
"2801202",28012,2,"Female",40,NA,NA,NA,NA
"2801203",28012,3,"Male",20,NA,NA,NA,NA
"2801204",28012,4,"Female",14,NA,NA,NA,NA
"2801301",28013,1,"Male",42,"Head of Household","HINDUISM","OBC",1
"2801302",28013,2,"Female",35,"Spouse of Head of Household","HINDUISM","OBC",1
"2801303",28013,3,"Male",17,NA,NA,NA,NA
"2801304",28013,4,"Male",16,NA,NA,NA,NA
"2801305",28013,5,"Male",40,"Other","HINDUISM","OBC",1
"2801306",28013,6,"Female",30,"Other","HINDUISM","OBC",1
"2801307",28013,7,"Male",10,NA,NA,NA,NA
"2801308",28013,8,"Female",8,NA,NA,NA,NA
"2801401",28014,1,"Male",35,NA,NA,NA,NA
"2801402",28014,2,"Female",25,NA,NA,NA,NA
"2801403",28014,3,"Female",7,NA,NA,NA,NA
"2801404",28014,4,"Male",4,NA,NA,NA,NA
"2801405",28014,5,"Male",75,NA,NA,NA,NA
"2801501",28015,1,"Male",80,"Head of Household","HINDUISM","OBC",1
"2801502",28015,2,"Female",70,"Spouse of Head of Household","HINDUISM","OBC",1
"2801503",28015,3,"Female",35,"Other","HINDUISM","OBC",1
"2801504",28015,4,"Female",15,NA,NA,NA,NA
"2801601",28016,1,"Male",45,NA,NA,NA,NA
"2801602",28016,2,"Female",40,NA,NA,NA,NA
"2801603",28016,3,"Female",14,NA,NA,NA,NA
"2801604",28016,4,"Female",10,NA,NA,NA,NA
"2801701",28017,1,"Male",48,"Head of Household","HINDUISM","OBC",1
"2801702",28017,2,"Female",42,"Spouse of Head of Household","ISLAM","OBC",1
"2801703",28017,3,"Female",15,NA,NA,NA,NA
"2801704",28017,4,"Female",14,NA,NA,NA,NA
"2801801",28018,1,"Male",50,NA,NA,NA,NA
"2801802",28018,2,"Female",50,NA,NA,NA,NA
"2801803",28018,3,"Female",38,NA,NA,NA,NA
"2801804",28018,4,"Male",19,NA,NA,NA,NA
"2801805",28018,5,"Female",16,NA,NA,NA,NA
"2801806",28018,6,"Female",18,NA,NA,NA,NA
"2801807",28018,7,"Female",15,NA,NA,NA,NA
"2801808",28018,8,"Male",6,NA,NA,NA,NA
"2801809",28018,9,"Male",15,NA,NA,NA,NA
"2801810",28018,10,"Female",13,NA,NA,NA,NA
"2801811",28018,11,"Female",80,NA,NA,NA,NA
"2801901",28019,1,"Male",40,"Head of Household","HINDUISM","OBC",1
"2801902",28019,2,"Female",30,"Spouse of Head of Household","HINDUISM","OBC",1
"2801903",28019,3,"Male",15,NA,NA,NA,NA
"2801904",28019,4,"Female",10,NA,NA,NA,NA
"2802001",28020,1,"Male",58,NA,NA,NA,NA
"2802002",28020,2,"Female",50,NA,NA,NA,NA
"2802003",28020,3,"Male",33,NA,NA,NA,NA
"2802004",28020,4,"Female",26,NA,NA,NA,NA
"2802005",28020,5,"Female",3,NA,NA,NA,NA
"2802006",28020,6,"Male",6,NA,NA,NA,NA
"2802007",28020,7,"Male",27,NA,NA,NA,NA
"2802008",28020,8,"Male",25,NA,NA,NA,NA
"2802101",28021,1,"Male",45,NA,NA,NA,NA
"2802102",28021,2,"Female",40,NA,NA,NA,NA
"2802103",28021,3,"Male",17,NA,NA,NA,NA
"2802104",28021,4,"Female",16,NA,NA,NA,NA
"2802105",28021,5,"Female",14,NA,NA,NA,NA
"2802106",28021,6,"Male",11,NA,NA,NA,NA
"2802107",28021,7,"Male",70,NA,NA,NA,NA
"2802108",28021,8,"Female",65,NA,NA,NA,NA
"2802201",28022,1,"Male",55,NA,NA,NA,NA
"2802202",28022,2,"Female",40,NA,NA,NA,NA
"2802203",28022,3,"Male",20,NA,NA,NA,NA
"2802301",28023,1,"Female",40,"Head of Household","HINDUISM","OBC",1
"2802302",28023,2,"Male",45,NA,NA,NA,NA
"2802303",28023,3,"Male",19,NA,NA,NA,NA
"2802304",28023,4,"Female",18,"Other","HINDUISM","OBC",1
"2802401",28024,1,"Male",42,"Head of Household","HINDUISM","OBC",1
"2802402",28024,2,"Female",32,"Spouse of Head of Household","HINDUISM","OBC",1
"2802403",28024,3,"Male",18,NA,NA,NA,NA
"2802404",28024,4,"Male",16,NA,NA,NA,NA
"2802501",28025,1,"Male",55,NA,NA,NA,NA
"2802502",28025,2,"Female",45,NA,NA,NA,NA
"2802503",28025,3,"Male",30,NA,NA,NA,NA
"2802504",28025,4,"Female",20,NA,NA,NA,NA
"2802505",28025,5,"Female",12,NA,NA,NA,NA
"2802601",28026,1,"Male",42,"Head of Household","HINDUISM","OBC",1
"2802602",28026,2,"Female",33,"Spouse of Head of Household","HINDUISM","OBC",1
"2802603",28026,3,"Female",13,NA,NA,NA,NA
"2802604",28026,4,"Male",11,NA,NA,NA,NA
"2802605",28026,5,"Female",9,NA,NA,NA,NA
"2802701",28027,1,"Male",35,"Head of Household","HINDUISM","OBC",1
"2802702",28027,2,"Female",30,"Spouse of Head of Household","HINDUISM","OBC",1
"2802703",28027,3,"Female",8,NA,NA,NA,NA
"2802704",28027,4,"Female",6,NA,NA,NA,NA
"2802705",28027,5,"Male",5,NA,NA,NA,NA
"2802801",28028,1,"Female",50,"Head of Household","HINDUISM","OBC",1
"2802901",28029,1,"Male",50,"Head of Household","HINDUISM","OBC",1
"2802902",28029,2,"Female",45,"Spouse of Head of Household","HINDUISM","OBC",1
"2802903",28029,3,"Male",25,NA,NA,NA,NA
"2802904",28029,4,"Female",20,NA,NA,NA,NA
"2802905",28029,5,"Male",21,NA,NA,NA,NA
"2803001",28030,1,"Male",35,"Head of Household","HINDUISM","OBC",1
"2803002",28030,2,"Female",30,"Spouse of Head of Household","HINDUISM","OBC",1
"2803003",28030,3,"Female",15,NA,NA,NA,NA
"2803004",28030,4,"Female",12,NA,NA,NA,NA
"2803005",28030,5,"Male",10,NA,NA,NA,NA
"2803006",28030,6,"Female",70,NA,NA,NA,NA
"2803101",28031,1,"Male",48,NA,NA,NA,NA
"2803102",28031,2,"Female",38,NA,NA,NA,NA
"2803103",28031,3,"Male",20,NA,NA,NA,NA
"2803104",28031,4,"Female",18,NA,NA,NA,NA
"2803105",28031,5,"Female",80,NA,NA,NA,NA
"2803201",28032,1,"Male",50,NA,NA,NA,NA
"2803202",28032,2,"Male",35,NA,NA,NA,NA
"2803203",28032,3,"Female",20,NA,NA,NA,NA
"2803204",28032,4,"Male",3,NA,NA,NA,NA
"2803205",28032,5,"Male",3,NA,NA,NA,NA
"2803206",28032,6,"Male",25,NA,NA,NA,NA
"2803207",28032,7,"Male",20,NA,NA,NA,NA
"2803208",28032,8,"Male",18,NA,NA,NA,NA
"2803301",28033,1,"Male",58,"Head of Household","HINDUISM","OBC",1
"2803302",28033,2,"Female",50,"Spouse of Head of Household","HINDUISM","OBC",1
"2803401",28034,1,"Male",50,NA,NA,NA,NA
"2803402",28034,2,"Female",45,"Spouse of Head of Household","HINDUISM","OBC",1
"2803403",28034,3,"Male",25,NA,NA,NA,NA
"2803404",28034,4,"Male",20,NA,NA,NA,NA
"2803405",28034,5,"Male",18,NA,NA,NA,NA
"2803501",28035,1,"Male",60,"Head of Household","HINDUISM","OBC",1
"2803502",28035,2,"Female",50,"Spouse of Head of Household","HINDUISM","OBC",1
"2803503",28035,3,"Male",22,NA,NA,NA,NA
"2803601",28036,1,"Male",60,NA,NA,NA,NA
"2803602",28036,2,"Female",55,NA,NA,NA,NA
"2803603",28036,3,"Male",28,NA,NA,NA,NA
"2803604",28036,4,"Male",21,NA,NA,NA,NA
"2803605",28036,5,"Female",19,NA,NA,NA,NA
"2803701",28037,1,"Male",50,NA,NA,NA,NA
"2803702",28037,2,"Female",45,NA,NA,NA,NA
"2803703",28037,3,"Male",20,NA,NA,NA,NA
"2803704",28037,4,"Female",18,NA,NA,NA,NA
"2803705",28037,5,"Male",16,NA,NA,NA,NA
"2803801",28038,1,"Male",45,NA,NA,NA,NA
"2803802",28038,2,"Female",32,NA,NA,NA,NA
"2803803",28038,3,"Male",13,NA,NA,NA,NA
"2803804",28038,4,"Male",11,NA,NA,NA,NA
"2803805",28038,5,"Female",70,NA,NA,NA,NA
"2803901",28039,1,"Male",60,NA,NA,NA,NA
"2803902",28039,2,"Female",50,NA,NA,NA,NA
"2803903",28039,3,"Male",30,NA,NA,NA,NA
"2803904",28039,4,"Female",25,NA,NA,NA,NA
"2803905",28039,5,"Female",2,NA,NA,NA,NA
"2804001",28040,1,"Male",75,"Head of Household","HINDUISM","OBC",1
"2804002",28040,2,"Female",65,"Spouse of Head of Household","HINDUISM","OBC",1
"2804003",28040,3,"Male",35,"Other","HINDUISM","OBC",1
"2804004",28040,4,"Female",20,"Other","HINDUISM","OBC",1
"2804005",28040,5,"Male",2,NA,NA,NA,NA
"2804101",28041,1,"Male",45,NA,NA,NA,NA
"2804102",28041,2,"Female",42,NA,NA,NA,NA
"2804103",28041,3,"Male",25,NA,NA,NA,NA
"2804104",28041,4,"Female",20,NA,NA,NA,NA
"2804201",28042,1,"Male",30,NA,NA,NA,NA
"2804202",28042,2,"Female",21,NA,NA,NA,NA
"2804203",28042,3,"Male",40,NA,NA,NA,NA
"2804204",28042,4,"Female",35,NA,NA,NA,NA
"2804205",28042,5,"Male",22,NA,NA,NA,NA
"2804206",28042,6,"Male",16,NA,NA,NA,NA
"2804207",28042,7,"Male",70,NA,NA,NA,NA
"2804208",28042,8,"Female",65,NA,NA,NA,NA
"2804301",28043,1,"Female",55,"Head of Household","HINDUISM","OBC",1
"2804302",28043,2,"Male",32,NA,NA,NA,NA
"2804303",28043,3,"Male",30,NA,NA,NA,NA
"2804304",28043,4,"Female",27,"Other","HINDUISM","OBC",1
"2804305",28043,5,"Male",35,"Other","HINDUISM","OBC",1
"2804306",28043,6,"Female",5,NA,NA,NA,NA
"2804307",28043,7,"Female",3,NA,NA,NA,NA
"2804308",28043,8,"Male",24,NA,NA,NA,NA
"2804401",28044,1,"Male",52,"Head of Household","HINDUISM","OBC",1
"2804402",28044,2,"Female",40,"Spouse of Head of Household","HINDUISM","OBC",1
"2804403",28044,3,"Female",18,"Other","HINDUISM","OBC",1
"2804404",28044,4,"Female",15,NA,NA,NA,NA
"2804501",28045,1,"Female",40,NA,NA,NA,NA
"2804502",28045,2,"Female",20,NA,NA,NA,NA
"2804503",28045,3,"Male",15,NA,NA,NA,NA
"2804601",28046,1,"Male",55,NA,NA,NA,NA
"2804602",28046,2,"Female",45,NA,NA,NA,NA
"2804603",28046,3,"Male",27,NA,NA,NA,NA
"2804604",28046,4,"Male",23,NA,NA,NA,NA
"2804605",28046,5,"Female",19,NA,NA,NA,NA
"2804606",28046,6,"Female",16,NA,NA,NA,NA
"2804607",28046,7,"Male",80,NA,NA,NA,NA
"2804701",28047,1,"Male",55,"Head of Household","HINDUISM","OBC",1
"2804702",28047,2,"Female",48,"Spouse of Head of Household","HINDUISM","OBC",1
"2804703",28047,3,"Male",29,"Other","HINDUISM","OBC",1
"2804704",28047,4,"Female",26,"Other","HINDUISM","OBC",1
"2804705",28047,5,"Female",12,NA,NA,NA,NA
"2804706",28047,6,"Male",8,NA,NA,NA,NA
"2804801",28048,1,"Male",40,"Head of Household","HINDUISM","OBC",1
"2804802",28048,2,"Female",35,"Spouse of Head of Household","HINDUISM","OBC",1
"2804803",28048,3,"Male",17,NA,NA,NA,NA
"2804804",28048,4,"Male",14,NA,NA,NA,NA
"2804901",28049,1,"Male",60,"Head of Household","HINDUISM","OBC",1
"2804902",28049,2,"Female",50,"Spouse of Head of Household","HINDUISM","OBC",1
"2804903",28049,3,"Male",35,"Other","HINDUISM","OBC",1
"2804904",28049,4,"Female",30,"Other","HINDUISM","OBC",1
"2804905",28049,5,"Male",7,NA,NA,NA,NA
"2804906",28049,6,"Female",4,NA,NA,NA,NA
"2804907",28049,7,"Male",33,NA,NA,NA,NA
"2804908",28049,8,"Female",24,NA,NA,NA,NA
"2804909",28049,9,"Male",19,NA,NA,NA,NA
"2804910",28049,10,"Male",17,NA,NA,NA,NA
"2804911",28049,11,"Female",21,"Other","HINDUISM","OBC",1
"2805001",28050,1,"Male",35,NA,NA,NA,NA
"2805002",28050,2,"Female",30,NA,NA,NA,NA
"2805003",28050,3,"Female",10,NA,NA,NA,NA
"2805004",28050,4,"Male",7,NA,NA,NA,NA
"2805101",28051,1,"Male",43,"Head of Household","HINDUISM","OBC",1
"2805102",28051,2,"Female",32,"Spouse of Head of Household","HINDUISM","OBC",1
"2805103",28051,3,"Male",8,NA,NA,NA,NA
"2805104",28051,4,"Female",6,NA,NA,NA,NA
"2805201",28052,1,"Male",50,"Head of Household","HINDUISM","OBC",1
"2805202",28052,2,"Female",45,"Spouse of Head of Household","HINDUISM","OBC",1
"2805203",28052,3,"Male",24,NA,NA,NA,NA
"2805204",28052,4,"Female",18,"Other","HINDUISM","OBC",1
"2805205",28052,5,"Female",13,NA,NA,NA,NA
"2805301",28053,1,"Male",75,"Head of Household","HINDUISM","OBC",1
"2805302",28053,2,"Female",68,"Spouse of Head of Household","HINDUISM","OBC",1
"2805303",28053,3,"Male",50,"Other","HINDUISM","OBC",1
"2805304",28053,4,"Female",45,NA,NA,NA,NA
"2805305",28053,5,"Male",23,NA,NA,NA,NA
"2805306",28053,6,"Female",13,NA,NA,NA,NA
"2805307",28053,7,"Male",12,NA,NA,NA,NA
"2805308",28053,8,"Male",45,"Other","HINDUISM","OBC",1
"2805309",28053,9,"Female",35,"Other","HINDUISM","OBC",1
"2805310",28053,10,"Female",6,NA,NA,NA,NA
"2805311",28053,11,"Male",5,NA,NA,NA,NA
"2805312",28053,12,"Male",35,NA,NA,NA,NA
"2805313",28053,13,"Female",24,"Other","HINDUISM","OBC",1
"2805314",28053,14,"Female",3,NA,NA,NA,NA
"2805315",28053,15,"Male",30,NA,NA,NA,NA
"2805401",28054,1,"Male",85,"Head of Household","HINDUISM","OBC",1
"2805402",28054,2,"Male",35,NA,NA,NA,NA
"2805403",28054,3,"Female",20,"Other","HINDUISM","OBC",1
"2805404",28054,4,"Male",5,NA,NA,NA,NA
"2805405",28054,5,"Female",45,"Other","HINDUISM","OBC",1
"2805406",28054,6,"Male",50,"Other","HINDUISM","OBC",1
"2805407",28054,7,"Male",18,NA,NA,NA,NA
"2805501",28055,1,"Male",43,"Head of Household","HINDUISM","OBC",1
"2805502",28055,2,"Female",32,"Spouse of Head of Household","HINDUISM","OBC",1
"2805503",28055,3,"Female",12,NA,NA,NA,NA
"2805504",28055,4,"Male",10,NA,NA,NA,NA
"2805601",28056,1,"Male",40,NA,NA,NA,NA
"2805602",28056,2,"Female",35,NA,NA,NA,NA
"2805603",28056,3,"Male",7,NA,NA,NA,NA
"2805604",28056,4,"Female",4,NA,NA,NA,NA
"2805605",28056,5,"Female",60,NA,NA,NA,NA
"2805606",28056,6,"Male",7,NA,NA,NA,NA
"2805701",28057,1,"Male",50,NA,NA,NA,NA
"2805702",28057,2,"Female",45,NA,NA,NA,NA
"2805703",28057,3,"Female",18,NA,NA,NA,NA
"2805704",28057,4,"Female",14,NA,NA,NA,NA
"2805705",28057,5,"Male",22,NA,NA,NA,NA
"2805801",28058,1,"Male",28,NA,NA,NA,NA
"2805802",28058,2,"Female",22,NA,NA,NA,NA
"2805901",28059,1,"Male",45,NA,NA,NA,NA
"2805902",28059,2,"Female",38,NA,NA,NA,NA
"2805903",28059,3,"Female",17,NA,NA,NA,NA
"2805904",28059,4,"Female",15,NA,NA,NA,NA
"2805905",28059,5,"Female",13,NA,NA,NA,NA
"2805906",28059,6,"Female",11,NA,NA,NA,NA
"2805907",28059,7,"Male",9,NA,NA,NA,NA
"2806001",28060,1,"Male",60,"Head of Household","HINDUISM","OBC",1
"2806002",28060,2,"Female",55,"Spouse of Head of Household","HINDUISM","OBC",1
"2806003",28060,3,"Male",33,"Other","HINDUISM","OBC",1
"2806004",28060,4,"Female",25,"Other","HINDUISM","OBC",1
"2806005",28060,5,"Male",28,"Other","HINDUISM","OBC",1
"2806006",28060,6,"Female",19,"Other","HINDUISM","OBC",1
"2806007",28060,7,"Male",25,NA,NA,NA,NA
"2806101",28061,1,"Male",40,"Head of Household","HINDUISM","OBC",1
"2806102",28061,2,"Female",33,"Spouse of Head of Household","HINDUISM","OBC",1
"2806103",28061,3,"Female",12,NA,NA,NA,NA
"2806201",28062,1,"Male",40,"Head of Household","HINDUISM","OBC",1
"2806202",28062,2,"Female",35,"Spouse of Head of Household","HINDUISM","OBC",1
"2806203",28062,3,"Female",14,NA,NA,NA,NA
"2806204",28062,4,"Female",13,NA,NA,NA,NA
"2806205",28062,5,"Female",10,NA,NA,NA,NA
"2806206",28062,6,"Male",32,NA,NA,NA,NA
"2806207",28062,7,"Female",70,NA,NA,NA,NA
"2806301",28063,1,"Male",30,NA,NA,NA,NA
"2806302",28063,2,"Female",26,NA,NA,NA,NA
"2806303",28063,3,"Male",6,NA,NA,NA,NA
"2806304",28063,4,"Male",4,NA,NA,NA,NA
"2806401",28064,1,"Male",53,"Head of Household","HINDUISM","OBC",1
"2806402",28064,2,"Female",48,"Spouse of Head of Household","HINDUISM","OBC",1
"2806403",28064,3,"Male",30,NA,NA,NA,NA
"2806404",28064,4,"Male",28,"Other","HINDUISM","OBC",1
"2806405",28064,5,"Female",19,"Other","HINDUISM","OBC",1
"2806406",28064,6,"Female",4,NA,NA,NA,NA
"2806501",28065,1,"Male",45,"Head of Household","HINDUISM","SCHEDULED CASTE",1
"2806502",28065,2,"Female",35,"Spouse of Head of Household","HINDUISM","SCHEDULED CASTE",1
"2806503",28065,3,"Female",13,NA,NA,NA,NA
"2806504",28065,4,"Female",11,NA,NA,NA,NA
"2806505",28065,5,"Female",9,NA,NA,NA,NA
"2806506",28065,6,"Female",7,NA,NA,NA,NA
"2806507",28065,7,"Male",5,NA,NA,NA,NA
"2806601",28066,1,"Male",48,NA,NA,NA,NA
"2806602",28066,2,"Female",42,NA,NA,NA,NA
"2806603",28066,3,"Male",22,NA,NA,NA,NA
"2806604",28066,4,"Female",19,NA,NA,NA,NA
"2806605",28066,5,"Female",17,NA,NA,NA,NA
"2806606",28066,6,"Male",16,NA,NA,NA,NA
"2806701",28067,1,"Male",35,NA,NA,NA,NA
"2806702",28067,2,"Female",30,NA,NA,NA,NA
"2806703",28067,3,"Female",17,NA,NA,NA,NA
"2806704",28067,4,"Female",15,NA,NA,NA,NA
"2806705",28067,5,"Female",13,NA,NA,NA,NA
"2806801",28068,1,"Male",55,NA,NA,NA,NA
"2806802",28068,2,"Female",45,NA,NA,NA,NA
"2806803",28068,3,"Male",26,NA,NA,NA,NA
"2806804",28068,4,"Female",24,NA,NA,NA,NA
"2806805",28068,5,"Female",22,NA,NA,NA,NA
"2806901",28069,1,"Male",25,NA,NA,NA,NA
"2806902",28069,2,"Female",18,"Spouse of Head of Household","HINDUISM","OBC",1
"2806903",28069,3,"Female",1,NA,NA,NA,NA
"2806904",28069,4,"Female",45,"Other","HINDUISM","OBC",1
"2807001",28070,1,"Male",35,"Head of Household","HINDUISM","OBC",1
"2807002",28070,2,"Female",28,"Spouse of Head of Household","ISLAM","OBC",1
"2807003",28070,3,"Female",26,"Spouse of Head of Household","HINDUISM","OBC",1
"2807004",28070,4,"Female",22,"Other","HINDUISM","OBC",1
"2807101",28071,1,"Male",45,NA,NA,NA,NA
"2807102",28071,2,"Female",35,NA,NA,NA,NA
"2807103",28071,3,"Male",20,NA,NA,NA,NA
"2807104",28071,4,"Male",18,NA,NA,NA,NA
"2807105",28071,5,"Male",16,NA,NA,NA,NA
"2807106",28071,6,"Female",14,NA,NA,NA,NA
"2807201",28072,1,"Male",50,"Head of Household","HINDUISM","OBC",1
"2807202",28072,2,"Female",45,"Spouse of Head of Household","HINDUISM","OBC",1
"2807203",28072,3,"Male",23,NA,NA,NA,NA
"2807204",28072,4,"Female",19,"Other","HINDUISM","OBC",1
"2807205",28072,5,"Female",17,NA,NA,NA,NA
"2807206",28072,6,"Female",15,NA,NA,NA,NA
"2807301",28073,1,"Male",45,"Head of Household","HINDUISM","OBC",1
"2807302",28073,2,"Female",40,"Spouse of Head of Household","HINDUISM","OBC",1
"2807303",28073,3,"Male",18,NA,NA,NA,NA
"2807401",28074,1,"Male",65,NA,NA,NA,NA
"2807402",28074,2,"Female",55,NA,NA,NA,NA
"2807403",28074,3,"Male",35,NA,NA,NA,NA
"2807404",28074,4,"Female",28,NA,NA,NA,NA
"2807405",28074,5,"Female",7,NA,NA,NA,NA
"2807406",28074,6,"Male",5,NA,NA,NA,NA
"2807407",28074,7,"Male",28,NA,NA,NA,NA
"2807408",28074,8,"Female",23,NA,NA,NA,NA
"2807409",28074,9,"Female",5,NA,NA,NA,NA
"2807410",28074,10,"Female",3,NA,NA,NA,NA
"2807411",28074,11,"Female",19,NA,NA,NA,NA
"2807501",28075,1,"Male",40,NA,NA,NA,NA
"2807502",28075,2,"Female",26,NA,NA,NA,NA
"2807503",28075,3,"Female",10,NA,NA,NA,NA
"2807504",28075,4,"Male",30,NA,NA,NA,NA
"2807505",28075,5,"Female",65,NA,NA,NA,NA
"2807601",28076,1,"Male",45,NA,NA,NA,NA
"2807602",28076,2,"Female",40,NA,NA,NA,NA
"2807603",28076,3,"Female",22,NA,NA,NA,NA
"2807604",28076,4,"Male",19,NA,NA,NA,NA
"2807605",28076,5,"Male",16,NA,NA,NA,NA
"2807701",28077,1,"Male",72,NA,NA,NA,NA
"2807702",28077,2,"Female",65,NA,NA,NA,NA
"2807801",28078,1,"Male",35,NA,NA,NA,NA
"2807802",28078,2,"Female",30,NA,NA,NA,NA
"2807803",28078,3,"Female",12,NA,NA,NA,NA
"2807804",28078,4,"Male",10,NA,NA,NA,NA
"2807901",28079,1,"Male",40,"Head of Household","HINDUISM","OBC",1
"2807902",28079,2,"Female",35,"Spouse of Head of Household","HINDUISM","OBC",1
"2807903",28079,3,"Male",17,NA,NA,NA,NA
"2807904",28079,4,"Female",15,NA,NA,NA,NA
"2808001",28080,1,"Male",28,"Head of Household","HINDUISM","OBC",1
"2808002",28080,2,"Female",22,"Spouse of Head of Household","HINDUISM","OBC",1
"2808003",28080,3,"Male",4,NA,NA,NA,NA
"2808004",28080,4,"Male",2,NA,NA,NA,NA
"2808005",28080,5,"Male",22,NA,NA,NA,NA
"2808006",28080,6,"Female",35,"Other","HINDUISM","OBC",1
"2808007",28080,7,"Female",70,NA,NA,NA,NA
"2808101",28081,1,"Male",65,NA,NA,NA,NA
"2808102",28081,2,"Female",40,NA,NA,NA,NA
"2808103",28081,3,"Male",20,NA,NA,NA,NA
"2808104",28081,4,"Female",14,NA,NA,NA,NA
"2808105",28081,5,"Male",82,NA,NA,NA,NA
"2808201",28082,1,"Male",50,NA,NA,NA,NA
"2808202",28082,2,"Female",40,NA,NA,NA,NA
"2808203",28082,3,"Female",14,NA,NA,NA,NA
"2808204",28082,4,"Female",12,NA,NA,NA,NA
"2808205",28082,5,"Male",10,NA,NA,NA,NA
"2808206",28082,6,"Male",8,NA,NA,NA,NA
"2808207",28082,7,"Female",70,NA,NA,NA,NA
"2808301",28083,1,"Male",70,NA,NA,NA,NA
"2808302",28083,2,"Female",60,NA,NA,NA,NA
"2808401",28084,1,"Male",60,"Head of Household","HINDUISM","OBC",1
"2808402",28084,2,"Male",40,NA,NA,NA,NA
"2808403",28084,3,"Male",38,NA,NA,NA,NA
"2808404",28084,4,"Female",36,"Other","HINDUISM","OBC",1
"2808405",28084,5,"Female",13,NA,NA,NA,NA
"2808406",28084,6,"Male",30,NA,NA,NA,NA
"2808407",28084,7,"Male",28,NA,NA,NA,NA
"2808501",28085,1,"Male",60,NA,NA,NA,NA
"2808502",28085,2,"Female",55,NA,NA,NA,NA
"2808503",28085,3,"Male",28,NA,NA,NA,NA
"2808601",28086,1,"Male",35,"Head of Household","HINDUISM","OBC",1
"2808602",28086,2,"Female",25,"Spouse of Head of Household","HINDUISM","OBC",1
"2808603",28086,3,"Female",6,NA,NA,NA,NA
"2808604",28086,4,"Female",4,NA,NA,NA,NA
"2808605",28086,5,"Female",1,NA,NA,NA,NA
"2808701",28087,1,"Male",50,NA,NA,NA,NA
"2808702",28087,2,"Female",45,NA,NA,NA,NA
"2808703",28087,3,"Female",40,NA,NA,NA,NA
"2808704",28087,4,"Male",26,NA,NA,NA,NA
"2808705",28087,5,"Female",15,NA,NA,NA,NA
"2808706",28087,6,"Female",14,NA,NA,NA,NA
"2808801",28088,1,"Male",45,NA,NA,NA,NA
"2808802",28088,2,"Female",35,NA,NA,NA,NA
"2808803",28088,3,"Male",15,NA,NA,NA,NA
"2808901",28089,1,"Male",32,NA,NA,NA,NA
"2808902",28089,2,"Female",28,NA,NA,NA,NA
"2808903",28089,3,"Male",7,NA,NA,NA,NA
"2808904",28089,4,"Male",3,NA,NA,NA,NA
"2809001",28090,1,"Male",38,NA,NA,NA,NA
"2809002",28090,2,"Female",34,NA,NA,NA,NA
"2809003",28090,3,"Male",15,NA,NA,NA,NA
"2809004",28090,4,"Male",12,NA,NA,NA,NA
"2809101",28091,1,"Female",56,"Head of Household","HINDUISM","SCHEDULED CASTE",1
"2809102",28091,2,"Male",35,NA,NA,NA,NA
"2809103",28091,3,"Female",25,NA,NA,NA,NA
"2809104",28091,4,"Male",8,NA,NA,NA,NA
"2809105",28091,5,"Male",3,NA,NA,NA,NA
"2809201",28092,1,"Male",40,"Head of Household","HINDUISM","OBC",1
"2809202",28092,2,"Female",35,"Spouse of Head of Household","HINDUISM","OBC",1
"2809203",28092,3,"Female",16,NA,NA,NA,NA
"2809204",28092,4,"Male",14,NA,NA,NA,NA
"2809301",28093,1,"Male",50,"Head of Household","HINDUISM","OBC",1
"2809302",28093,2,"Female",40,"Spouse of Head of Household","HINDUISM","OBC",1
"2809303",28093,3,"Female",20,"Other","HINDUISM","OBC",1
"2809304",28093,4,"Male",18,NA,NA,NA,NA
"2809305",28093,5,"Female",70,NA,NA,NA,NA
"2809401",28094,1,"Male",50,"Head of Household","HINDUISM","OBC",1
"2809402",28094,2,"Female",45,"Spouse of Head of Household","HINDUISM","OBC",1
"2809403",28094,3,"Male",25,NA,NA,NA,NA
"2809404",28094,4,"Male",20,NA,NA,NA,NA
"2809405",28094,5,"Female",18,"Other","HINDUISM","OBC",1
"2809501",28095,1,"Female",35,"Head of Household","HINDUISM","OBC",1
"2809502",28095,2,"Male",12,NA,NA,NA,NA
"2809601",28096,1,"Male",40,NA,NA,NA,NA
"2809602",28096,2,"Female",35,NA,NA,NA,NA
"2809603",28096,3,"Female",32,NA,NA,NA,NA
"2809604",28096,4,"Female",5,NA,NA,NA,NA
"2809701",28097,1,"Male",72,NA,NA,NA,NA
"2809702",28097,2,"Female",60,NA,NA,NA,NA
"2809703",28097,3,"Female",24,NA,NA,NA,NA
"2809801",28098,1,"Male",45,"Head of Household","HINDUISM","OBC",1
"2809802",28098,2,"Female",40,"Spouse of Head of Household","HINDUISM","OBC",1
"2809803",28098,3,"Female",18,"Other","HINDUISM","OBC",1
"2809804",28098,4,"Male",15,NA,NA,NA,NA
"2809805",28098,5,"Female",10,NA,NA,NA,NA
"2809901",28099,1,"Female",35,"Head of Household","HINDUISM","OBC",1
"2809902",28099,2,"Male",20,NA,NA,NA,NA
"2810001",28100,1,"Male",30,NA,NA,NA,NA
"2810002",28100,2,"Female",25,NA,NA,NA,NA
"2810003",28100,3,"Male",6,NA,NA,NA,NA
"2810004",28100,4,"Female",12,NA,NA,NA,NA
"2810101",28101,1,"Male",56,NA,NA,NA,NA
"2810102",28101,2,"Female",44,NA,NA,NA,NA
"2810103",28101,3,"Male",26,NA,NA,NA,NA
"2810104",28101,4,"Male",21,NA,NA,NA,NA
"2810105",28101,5,"Male",75,NA,NA,NA,NA
"2810106",28101,6,"Female",4,NA,NA,NA,NA
"2810201",28102,1,"Male",60,"Head of Household","HINDUISM","OBC",1
"2810202",28102,2,"Female",55,"Spouse of Head of Household","HINDUISM","OBC",1
"2810203",28102,3,"Female",20,"Other","HINDUISM","OBC",1
"2810204",28102,4,"Female",19,"Other","HINDUISM","OBC",1
"2810205",28102,5,"Female",18,"Other","HINDUISM","OBC",1
"2810206",28102,6,"Female",17,NA,NA,NA,NA
"2810207",28102,7,"Male",14,NA,NA,NA,NA
"2810208",28102,8,"Female",7,NA,NA,NA,NA
"2810301",28103,1,"Male",65,"Head of Household","HINDUISM","OBC",1
"2810302",28103,2,"Female",60,"Spouse of Head of Household","HINDUISM","OBC",1
"2810303",28103,3,"Male",35,"Other","HINDUISM","OBC",1
"2810304",28103,4,"Female",28,"Other","HINDUISM","OBC",1
"2810305",28103,5,"Female",12,NA,NA,NA,NA
"2810306",28103,6,"Female",10,NA,NA,NA,NA
"2810307",28103,7,"Female",7,NA,NA,NA,NA
"2810308",28103,8,"Male",4,NA,NA,NA,NA
"2810401",28104,1,"Male",40,NA,NA,NA,NA
"2810402",28104,2,"Female",35,NA,NA,NA,NA
"2810403",28104,3,"Female",7,NA,NA,NA,NA
"2810404",28104,4,"Male",5,NA,NA,NA,NA
"2810501",28105,1,"Male",50,"Head of Household","HINDUISM","OBC",1
"2810502",28105,2,"Female",40,"Spouse of Head of Household","HINDUISM","OBC",1
"2810503",28105,3,"Female",16,NA,NA,NA,NA
"2810504",28105,4,"Male",14,NA,NA,NA,NA
"2810505",28105,5,"Male",12,NA,NA,NA,NA
"2810506",28105,6,"Female",65,NA,NA,NA,NA
"2810601",28106,1,"Female",75,NA,NA,NA,NA
"2810701",28107,1,"Male",50,"Head of Household","HINDUISM","OBC",1
"2810702",28107,2,"Female",40,"Spouse of Head of Household","HINDUISM","OBC",1
"2810703",28107,3,"Male",22,NA,NA,NA,NA
"2810704",28107,4,"Female",17,NA,NA,NA,NA
"2810705",28107,5,"Female",11,NA,NA,NA,NA
"2810706",28107,6,"Female",10,NA,NA,NA,NA
"2810801",28108,1,"Male",50,"Head of Household","HINDUISM","OBC",1
"2810802",28108,2,"Female",40,"Spouse of Head of Household","HINDUISM","OBC",1
"2810803",28108,3,"Male",17,NA,NA,NA,NA
"2810804",28108,4,"Female",13,NA,NA,NA,NA
"2810901",28109,1,"Female",33,NA,NA,NA,NA
"2810902",28109,2,"Male",40,NA,NA,NA,NA
"2810903",28109,3,"Male",15,NA,NA,NA,NA
"2810904",28109,4,"Female",10,NA,NA,NA,NA
"2810905",28109,5,"Female",80,NA,NA,NA,NA
"2811001",28110,1,"Male",50,NA,NA,NA,NA
"2811002",28110,2,"Female",45,NA,NA,NA,NA
"2811003",28110,3,"Female",28,NA,NA,NA,NA
"2811004",28110,4,"Male",30,NA,NA,NA,NA
"2811005",28110,5,"Female",8,NA,NA,NA,NA
"2811006",28110,6,"Male",6,NA,NA,NA,NA
"2811007",28110,7,"Female",3,NA,NA,NA,NA
"2811101",28111,1,"Male",50,NA,NA,NA,NA
"2811102",28111,2,"Female",45,"Spouse of Head of Household","HINDUISM","OBC",1
"2811103",28111,3,"Female",25,"Other","HINDUISM","OBC",1
"2811104",28111,4,"Male",6,NA,NA,NA,NA
"2811105",28111,5,"Male",23,NA,NA,NA,NA
"2811201",28112,1,"Female",35,NA,NA,NA,NA
"2811202",28112,2,"Male",14,NA,NA,NA,NA
"2811203",28112,3,"Female",12,NA,NA,NA,NA
"2811301",28113,1,"Male",29,"Head of Household","HINDUISM","OBC",1
"2811302",28113,2,"Female",25,"Spouse of Head of Household","HINDUISM","OBC",1
"2811401",28114,1,"Female",35,NA,NA,NA,NA
"2811402",28114,2,"Male",14,NA,NA,NA,NA
"2811403",28114,3,"Female",12,NA,NA,NA,NA
"2811501",28115,1,"Male",50,"Head of Household","HINDUISM","OBC",1
"2811502",28115,2,"Female",44,"Spouse of Head of Household","HINDUISM","OBC",1
"2811503",28115,3,"Female",19,"Other","HINDUISM","OBC",1
"2811504",28115,4,"Female",17,NA,NA,NA,NA
"2811505",28115,5,"Female",15,NA,NA,NA,NA
"2811506",28115,6,"Female",13,NA,NA,NA,NA
"2811601",28116,1,"Male",31,"Head of Household","HINDUISM","OBC",1
"2811602",28116,2,"Female",25,"Spouse of Head of Household","HINDUISM","OBC",1
"2811603",28116,3,"Female",7,NA,NA,NA,NA
"2811604",28116,4,"Male",2,NA,NA,NA,NA
"2811701",28117,1,"Female",65,"Head of Household","HINDUISM","OBC",1
"2811702",28117,2,"Male",32,"Other","HINDUISM","OBC",1
"2811703",28117,3,"Female",21,"Other","HINDUISM","OBC",1
"2811704",28117,4,"Female",3,NA,NA,NA,NA
"2811705",28117,5,"Male",7,NA,NA,NA,NA
"2811706",28117,6,"Male",25,NA,NA,NA,NA
"2811707",28117,7,"Male",23,NA,NA,NA,NA
"2811708",28117,8,"Male",21,NA,NA,NA,NA
"2811801",28118,1,"Male",45,"Head of Household","HINDUISM","OBC",1
"2811802",28118,2,"Female",35,"Spouse of Head of Household","HINDUISM","OBC",1
"2811803",28118,3,"Male",22,NA,NA,NA,NA
"2811804",28118,4,"Female",17,NA,NA,NA,NA
"2811805",28118,5,"Male",12,NA,NA,NA,NA
"2811901",28119,1,"Male",70,NA,NA,NA,NA
"2811902",28119,2,"Female",60,NA,NA,NA,NA
"2812001",28120,1,"Male",60,NA,NA,NA,NA
"2812002",28120,2,"Female",45,NA,NA,NA,NA
"2812003",28120,3,"Female",18,NA,NA,NA,NA
"2812004",28120,4,"Male",12,NA,NA,NA,NA
"2812005",28120,5,"Female",11,NA,NA,NA,NA
"2812101",28121,1,"Male",40,NA,NA,NA,NA
"2812102",28121,2,"Female",35,NA,NA,NA,NA
"2812103",28121,3,"Female",17,NA,NA,NA,NA
"2812104",28121,4,"Male",16,NA,NA,NA,NA
"2812201",28122,1,"Male",55,NA,NA,NA,NA
"2812202",28122,2,"Male",18,NA,NA,NA,NA
"2812203",28122,3,"Female",16,NA,NA,NA,NA
"2812301",28123,1,"Male",33,NA,NA,NA,NA
"2812302",28123,2,"Female",27,NA,NA,NA,NA
"2812303",28123,3,"Female",11,NA,NA,NA,NA
"2812304",28123,4,"Male",9,NA,NA,NA,NA
"2812305",28123,5,"Male",7,NA,NA,NA,NA
"2812401",28124,1,"Male",70,NA,NA,NA,NA
"2812402",28124,2,"Female",68,NA,NA,NA,NA
"2812403",28124,3,"Male",30,NA,NA,NA,NA
"2812501",28125,1,"Male",40,"Head of Household","HINDUISM","OBC",1
"2812502",28125,2,"Female",35,"Spouse of Head of Household","HINDUISM","OBC",1
"2812503",28125,3,"Male",12,NA,NA,NA,NA
"2812504",28125,4,"Male",6,NA,NA,NA,NA
"2812601",28126,1,"Female",48,"Head of Household","HINDUISM","OBC",1
"2812602",28126,2,"Male",24,"Other","HINDUISM","OBC",1
"2812603",28126,3,"Female",20,"Other","HINDUISM","OBC",1
"2812701",28127,1,"Male",45,"Head of Household","HINDUISM","OBC",1
"2812702",28127,2,"Female",35,"Spouse of Head of Household","HINDUISM","OBC",1
"2812703",28127,3,"Male",19,NA,NA,NA,NA
"2812704",28127,4,"Male",15,NA,NA,NA,NA
"2812801",28128,1,"Male",40,"Head of Household","HINDUISM","OBC",1
"2812802",28128,2,"Female",35,"Spouse of Head of Household","HINDUISM","OBC",1
"2812803",28128,3,"Male",7,NA,NA,NA,NA
"2812804",28128,4,"Female",5,NA,NA,NA,NA
"2812805",28128,5,"Female",3,NA,NA,NA,NA
"2812901",28129,1,"Male",38,"Head of Household","HINDUISM","OBC",1
"2812902",28129,2,"Female",32,"Spouse of Head of Household","HINDUISM","OBC",1
"2812903",28129,3,"Female",13,NA,NA,NA,NA
"2812904",28129,4,"Female",11,NA,NA,NA,NA
"2813001",28130,1,"Male",50,NA,NA,NA,NA
"2813002",28130,2,"Female",40,NA,NA,NA,NA
"2813003",28130,3,"Male",22,NA,NA,NA,NA
"2813101",28131,1,"Male",48,"Head of Household","HINDUISM","OBC",1
"2813102",28131,2,"Female",44,"Spouse of Head of Household","HINDUISM","OBC",1
"2813103",28131,3,"Female",36,"Spouse of Head of Household","HINDUISM","OBC",1
"2813104",28131,4,"Male",26,NA,NA,NA,NA
"2813105",28131,5,"Male",14,NA,NA,NA,NA
"2813201",28132,1,"Male",60,"Head of Household","HINDUISM","OBC",1
"2813202",28132,2,"Female",40,"Spouse of Head of Household","HINDUISM","OBC",1
"2813203",28132,3,"Male",28,"Other","HINDUISM","OBC",1
"2813204",28132,4,"Female",22,"Other","HINDUISM","OBC",1
"2813205",28132,5,"Male",5,NA,NA,NA,NA
"2813206",28132,6,"Male",3,NA,NA,NA,NA
"2813301",28133,1,"Male",60,NA,NA,NA,NA
"2813302",28133,2,"Female",55,NA,NA,NA,NA
"2813401",28134,1,"Female",65,NA,NA,NA,NA
"2813402",28134,2,"Male",30,NA,NA,NA,NA
"2813403",28134,3,"Male",28,NA,NA,NA,NA
"2813501",28135,1,"Female",40,NA,NA,NA,NA
"2813601",28136,1,"Male",38,"Head of Household","HINDUISM","OBC",1
"2813602",28136,2,"Female",28,"Spouse of Head of Household","HINDUISM","OBC",1
"2813603",28136,3,"Male",8,NA,NA,NA,NA
"2813604",28136,4,"Female",6,NA,NA,NA,NA
"2813605",28136,5,"Male",4,NA,NA,NA,NA
"2813606",28136,6,"Female",55,NA,NA,NA,NA
"2813701",28137,1,"Male",40,NA,NA,NA,NA
"2813702",28137,2,"Female",30,NA,NA,NA,NA
"2813703",28137,3,"Male",12,NA,NA,NA,NA
"2813704",28137,4,"Female",10,NA,NA,NA,NA
"2813801",28138,1,"Male",60,NA,NA,NA,NA
"2813802",28138,2,"Female",50,NA,NA,NA,NA
"2813803",28138,3,"Male",35,NA,NA,NA,NA
"2813804",28138,4,"Female",22,NA,NA,NA,NA
"2813805",28138,5,"Male",1,NA,NA,NA,NA
"2813901",28139,1,"Male",50,NA,NA,NA,NA
"2813902",28139,2,"Female",45,NA,NA,NA,NA
"2813903",28139,3,"Male",25,NA,NA,NA,NA
"2813904",28139,4,"Male",22,NA,NA,NA,NA
"2813905",28139,5,"Female",18,NA,NA,NA,NA
"2814001",28140,1,"Male",45,NA,NA,NA,NA
"2814002",28140,2,"Female",60,NA,NA,NA,NA
"2814101",28141,1,"Male",60,NA,NA,NA,NA
"2814201",28142,1,"Female",45,"Head of Household","HINDUISM","SCHEDULED CASTE",1
"2814202",28142,2,"Female",13,NA,NA,NA,NA
"2814301",28143,1,"Female",60,NA,NA,NA,NA
"2814401",28144,1,"Male",33,"Other","HINDUISM","OBC",1
"2814402",28144,2,"Female",50,"Head of Household","HINDUISM","OBC",1
"2814403",28144,3,"Male",15,NA,NA,NA,NA
"2814404",28144,4,"Male",13,NA,NA,NA,NA
"2814405",28144,5,"Female",12,NA,NA,NA,NA
"2814501",28145,1,"Male",40,NA,NA,NA,NA
"2814502",28145,2,"Female",35,NA,NA,NA,NA
"2814503",28145,3,"Female",18,NA,NA,NA,NA
"2814504",28145,4,"Female",15,NA,NA,NA,NA
"2814505",28145,5,"Male",12,NA,NA,NA,NA
"2814506",28145,6,"Female",30,NA,NA,NA,NA
"2814507",28145,7,"Female",13,NA,NA,NA,NA
"2814601",28146,1,"Male",20,"Head of Household","HINDUISM","OBC",1
"2814602",28146,2,"Female",19,"Other","HINDUISM","OBC",1
"2814701",28147,1,"Male",45,NA,NA,NA,NA
"2814702",28147,2,"Female",35,NA,NA,NA,NA
"2814703",28147,3,"Female",15,NA,NA,NA,NA
"2814704",28147,4,"Male",11,NA,NA,NA,NA
"2814801",28148,1,"Male",70,"Head of Household","HINDUISM","OBC",1
"2814802",28148,2,"Female",60,"Spouse of Head of Household","HINDUISM","OBC",1
"2814803",28148,3,"Female",32,"Other","HINDUISM","OBC",1
"2814901",28149,1,"Male",70,NA,NA,NA,NA
"2814902",28149,2,"Male",40,NA,NA,NA,NA
"2814903",28149,3,"Female",35,NA,NA,NA,NA
"2814904",28149,4,"Male",15,NA,NA,NA,NA
"2814905",28149,5,"Male",13,NA,NA,NA,NA
"2814906",28149,6,"Male",12,NA,NA,NA,NA
"2815001",28150,1,"Male",45,NA,NA,NA,NA
"2815002",28150,2,"Female",40,NA,NA,NA,NA
"2815003",28150,3,"Male",20,NA,NA,NA,NA
"2815004",28150,4,"Male",18,NA,NA,NA,NA
"2815005",28150,5,"Female",16,NA,NA,NA,NA
"2815101",28151,1,"Male",50,NA,NA,NA,NA
"2815102",28151,2,"Female",45,NA,NA,NA,NA
"2815103",28151,3,"Male",20,NA,NA,NA,NA
"2815104",28151,4,"Male",16,NA,NA,NA,NA
"2815201",28152,1,"Male",62,"Head of Household","HINDUISM","SCHEDULED CASTE",1
"2815202",28152,2,"Female",56,"Spouse of Head of Household","HINDUISM","SCHEDULED CASTE",1
"2815203",28152,3,"Male",40,NA,NA,NA,NA
"2815204",28152,4,"Female",30,NA,NA,NA,NA
"2815205",28152,5,"Male",6,NA,NA,NA,NA
"2815206",28152,6,"Male",5,NA,NA,NA,NA
"2815207",28152,7,"Male",30,"Other","HINDUISM","SCHEDULED CASTE",1
"2815208",28152,8,"Female",25,"Other","HINDUISM","SCHEDULED CASTE",1
"2815209",28152,9,"Male",2,NA,NA,NA,NA
"2815301",28153,1,"Female",60,NA,NA,NA,NA
"2815302",28153,2,"Male",16,NA,NA,NA,NA
"2815401",28154,1,"Male",50,NA,NA,NA,NA
"2815402",28154,2,"Female",46,NA,NA,NA,NA
"2815403",28154,3,"Male",25,NA,NA,NA,NA
"2815404",28154,4,"Female",19,NA,NA,NA,NA
"2815405",28154,5,"Male",5,NA,NA,NA,NA
"2815406",28154,6,"Male",19,NA,NA,NA,NA
"2815501",28155,1,"Male",60,"Head of Household","HINDUISM","SCHEDULED CASTE",1
"2815502",28155,2,"Male",32,"Other","HINDUISM","SCHEDULED CASTE",1
"2815503",28155,3,"Female",30,"Other","HINDUISM","SCHEDULED CASTE",1
"2815504",28155,4,"Male",11,NA,NA,NA,NA
"2815505",28155,5,"Female",9,NA,NA,NA,NA
"2815506",28155,6,"Female",50,"Spouse of Head of Household","HINDUISM","SCHEDULED CASTE",1
"2815601",28156,1,"Male",60,NA,NA,NA,NA
"2815602",28156,2,"Female",48,NA,NA,NA,NA
"2815603",28156,3,"Female",28,NA,NA,NA,NA
"2815604",28156,4,"Male",25,NA,NA,NA,NA
"2815701",28157,1,"Male",65,NA,NA,NA,NA
"2815702",28157,2,"Female",50,NA,NA,NA,NA
"2815703",28157,3,"Male",23,NA,NA,NA,NA
"2815704",28157,4,"Male",20,NA,NA,NA,NA
"2815705",28157,5,"Female",18,NA,NA,NA,NA
"2815801",28158,1,"Male",70,"Head of Household","HINDUISM","SCHEDULED CASTE",1
"2815802",28158,2,"Female",60,"Spouse of Head of Household","HINDUISM","SCHEDULED CASTE",1
"2815803",28158,3,"Male",23,NA,NA,NA,NA
"2815804",28158,4,"Female",30,"Other","HINDUISM","SCHEDULED CASTE",1
"2815901",28159,1,"Male",65,"Head of Household","HINDUISM","SCHEDULED CASTE",1
"2815902",28159,2,"Female",60,"Spouse of Head of Household","HINDUISM","SCHEDULED CASTE",1
"2815903",28159,3,"Male",35,"Other","HINDUISM","SCHEDULED CASTE",1
"2815904",28159,4,"Female",22,"Other","HINDUISM","SCHEDULED CASTE",1
"2815905",28159,5,"Female",1,NA,NA,NA,NA
"2815906",28159,6,"Male",23,NA,NA,NA,NA
"2815907",28159,7,"Male",21,NA,NA,NA,NA
"2815908",28159,8,"Female",16,NA,NA,NA,NA
"2815909",28159,9,"Male",60,NA,NA,NA,NA
"2816001",28160,1,"Female",60,NA,NA,NA,NA
"2816101",28161,1,"Male",71,NA,NA,NA,NA
"2816201",28162,1,"Male",50,NA,NA,NA,NA
"2816202",28162,2,"Female",40,NA,NA,NA,NA
"2816203",28162,3,"Male",20,NA,NA,NA,NA
"2816204",28162,4,"Male",17,NA,NA,NA,NA
"2816205",28162,5,"Female",16,NA,NA,NA,NA
"2816206",28162,6,"Female",10,NA,NA,NA,NA
"2816301",28163,1,"Male",30,NA,NA,NA,NA
"2816302",28163,2,"Female",26,NA,NA,NA,NA
"2816303",28163,3,"Female",7,NA,NA,NA,NA
"2816304",28163,4,"Male",6,NA,NA,NA,NA
"2816401",28164,1,"Male",60,"Head of Household","HINDUISM","SCHEDULED CASTE",1
"2816402",28164,2,"Female",58,"Spouse of Head of Household","HINDUISM","SCHEDULED CASTE",1
"2816403",28164,3,"Male",35,"Other","HINDUISM","SCHEDULED CASTE",1
"2816404",28164,4,"Female",25,"Other","HINDUISM","SCHEDULED CASTE",1
"2816405",28164,5,"Male",30,NA,NA,NA,NA
"2816406",28164,6,"Male",28,NA,NA,NA,NA
"2816501",28165,1,"Male",40,"Head of Household","HINDUISM","SCHEDULED CASTE",1
"2816502",28165,2,"Female",36,"Spouse of Head of Household","HINDUISM","SCHEDULED CASTE",1
"2816503",28165,3,"Male",11,NA,NA,NA,NA
"2816504",28165,4,"Female",8,NA,NA,NA,NA
"2816505",28165,5,"Female",4,NA,NA,NA,NA
"2816506",28165,6,"Female",21,"Other","HINDUISM","SCHEDULED CASTE",1
"2816507",28165,7,"Male",28,"Other","HINDUISM","SCHEDULED CASTE",1
"2816508",28165,8,"Female",9,NA,NA,NA,NA
"2816509",28165,9,"Female",70,NA,NA,NA,NA
"2816510",28165,10,"Female",45,"Other","HINDUISM","SCHEDULED CASTE",1
"2816601",28166,1,"Male",80,NA,NA,NA,NA
"2816602",28166,2,"Female",70,NA,NA,NA,NA
"2816603",28166,3,"Male",52,NA,NA,NA,NA
"2816604",28166,4,"Female",40,NA,NA,NA,NA
"2816605",28166,5,"Female",38,NA,NA,NA,NA
"2816606",28166,6,"Male",15,NA,NA,NA,NA
"2816701",28167,1,"Male",35,"Head of Household","HINDUISM","SCHEDULED CASTE",1
"2816702",28167,2,"Female",30,"Spouse of Head of Household","HINDUISM","SCHEDULED CASTE",1
"2816703",28167,3,"Female",10,NA,NA,NA,NA
"2816704",28167,4,"Male",7,NA,NA,NA,NA
"2816705",28167,5,"Female",6,NA,NA,NA,NA
"2816801",28168,1,"Male",70,"Head of Household","HINDUISM","SCHEDULED CASTE",1
"2816802",28168,2,"Female",65,"Spouse of Head of Household","HINDUISM","SCHEDULED CASTE",1
"2816803",28168,3,"Male",31,NA,NA,NA,NA
"2816804",28168,4,"Female",27,"Other","HINDUISM","SCHEDULED CASTE",1
"2816805",28168,5,"Female",3,NA,NA,NA,NA
"2816901",28169,1,"Male",29,NA,NA,NA,NA
"2816902",28169,2,"Female",25,NA,NA,NA,NA
"2816903",28169,3,"Male",5,NA,NA,NA,NA
"2816904",28169,4,"Male",3,NA,NA,NA,NA
"2817001",28170,1,"Male",45,NA,NA,NA,NA
"2817002",28170,2,"Female",40,"Spouse of Head of Household","HINDUISM","SCHEDULED CASTE",1
"2817003",28170,3,"Male",13,NA,NA,NA,NA
"2817004",28170,4,"Female",9,NA,NA,NA,NA
"2817101",28171,1,"Male",35,NA,NA,NA,NA
"2817102",28171,2,"Female",30,NA,NA,NA,NA
"2817103",28171,3,"Male",13,NA,NA,NA,NA
"2817104",28171,4,"Male",8,NA,NA,NA,NA
"2817201",28172,1,"Female",50,"Head of Household","HINDUISM","SCHEDULED CASTE",1
"2817202",28172,2,"Male",22,"Other","HINDUISM","SCHEDULED CASTE",1
"2817203",28172,3,"Female",19,"Other","HINDUISM","SCHEDULED CASTE",1
"2817204",28172,4,"Female",6,NA,NA,NA,NA
"2817205",28172,5,"Male",20,NA,NA,NA,NA
"2817301",28173,1,"Female",40,"Head of Household","HINDUISM","SCHEDULED CASTE",1
"2817302",28173,2,"Male",20,NA,NA,NA,NA
"2817303",28173,3,"Female",18,"Other","HINDUISM","SCHEDULED CASTE",1
"2817304",28173,4,"Female",14,NA,NA,NA,NA
"2817305",28173,5,"Female",12,NA,NA,NA,NA
"2817401",28174,1,"Female",40,NA,NA,NA,NA
"2817402",28174,2,"Female",21,NA,NA,NA,NA
"2817403",28174,3,"Female",18,NA,NA,NA,NA
"2817404",28174,4,"Female",13,NA,NA,NA,NA
"2817405",28174,5,"Female",10,NA,NA,NA,NA
"2817406",28174,6,"Male",4,NA,NA,NA,NA
"2817501",28175,1,"Male",40,"Head of Household","HINDUISM","SCHEDULED CASTE",1
"2817502",28175,2,"Female",35,"Spouse of Head of Household","HINDUISM","SCHEDULED CASTE",1
"2817503",28175,3,"Female",14,NA,NA,NA,NA
"2817504",28175,4,"Female",10,NA,NA,NA,NA
"2817505",28175,5,"Female",1,NA,NA,NA,NA
"2817601",28176,1,"Male",45,"Head of Household","HINDUISM","SCHEDULED CASTE",1
"2817602",28176,2,"Female",35,"Spouse of Head of Household","HINDUISM","SCHEDULED CASTE",1
"2817603",28176,3,"Female",18,"Other","HINDUISM","SCHEDULED CASTE",1
"2817701",28177,1,"Male",30,"Head of Household","HINDUISM","SCHEDULED CASTE",1
"2817702",28177,2,"Female",26,"Spouse of Head of Household","HINDUISM","SCHEDULED CASTE",1
"2817703",28177,3,"Male",6,NA,NA,NA,NA
"2817704",28177,4,"Female",3,NA,NA,NA,NA
"2817801",28178,1,"Male",40,NA,NA,NA,NA
"2817802",28178,2,"Female",35,NA,NA,NA,NA
"2817803",28178,3,"Female",18,NA,NA,NA,NA
"2817804",28178,4,"Male",13,NA,NA,NA,NA
"2817901",28179,1,"Male",35,NA,NA,NA,NA
"2817902",28179,2,"Female",30,NA,NA,NA,NA
"2817903",28179,3,"Female",16,NA,NA,NA,NA
"2818001",28180,1,"Male",50,NA,NA,NA,NA
"2818002",28180,2,"Female",40,NA,NA,NA,NA
"2818003",28180,3,"Male",20,NA,NA,NA,NA
"2818004",28180,4,"Male",18,NA,NA,NA,NA
"2818005",28180,5,"Male",16,NA,NA,NA,NA
"2818101",28181,1,"Male",45,"Head of Household","HINDUISM","SCHEDULED CASTE",1
"2818102",28181,2,"Female",35,"Spouse of Head of Household","HINDUISM","SCHEDULED CASTE",1
"2818103",28181,3,"Male",9,NA,NA,NA,NA
"2818201",28182,1,"Male",35,"Head of Household","HINDUISM","SCHEDULED CASTE",1
"2818202",28182,2,"Female",25,"Spouse of Head of Household","HINDUISM","SCHEDULED CASTE",1
"2818203",28182,3,"Male",6,NA,NA,NA,NA
"2818204",28182,4,"Female",16,NA,NA,NA,NA
"2818205",28182,5,"Male",60,NA,NA,NA,NA
"2818206",28182,6,"Female",55,NA,NA,NA,NA
"2818301",28183,1,"Male",40,"Head of Household","HINDUISM","SCHEDULED CASTE",1
"2818302",28183,2,"Female",35,"Spouse of Head of Household","HINDUISM","SCHEDULED CASTE",1
"2818303",28183,3,"Male",5,NA,NA,NA,NA
"2818401",28184,1,"Male",35,"Head of Household","HINDUISM","SCHEDULED CASTE",1
"2818402",28184,2,"Female",24,"Spouse of Head of Household","HINDUISM","SCHEDULED CASTE",1
"2818403",28184,3,"Female",28,"Spouse of Head of Household","HINDUISM","SCHEDULED CASTE",1
"2818404",28184,4,"Female",4,NA,NA,NA,NA
"2818501",28185,1,"Male",45,NA,NA,NA,NA
"2818502",28185,2,"Female",40,NA,NA,NA,NA
"2818503",28185,3,"Female",14,NA,NA,NA,NA
"2818504",28185,4,"Male",12,NA,NA,NA,NA
"2818505",28185,5,"Female",10,NA,NA,NA,NA
"2818506",28185,6,"Female",65,NA,NA,NA,NA
"2818507",28185,7,"Male",75,NA,NA,NA,NA
"2818601",28186,1,"Male",70,NA,NA,NA,NA
"2818602",28186,2,"Female",60,NA,NA,NA,NA
"2818603",28186,3,"Female",35,NA,NA,NA,NA
"2818604",28186,4,"Male",40,NA,NA,NA,NA
"2818605",28186,5,"Female",12,NA,NA,NA,NA
"2818701",28187,1,"Male",35,NA,NA,NA,NA
"2818702",28187,2,"Female",28,NA,NA,NA,NA
"2818703",28187,3,"Male",25,NA,NA,NA,NA
"2818704",28187,4,"Female",50,NA,NA,NA,NA
"2818801",28188,1,"Female",50,"Head of Household","HINDUISM","SCHEDULED CASTE",1
"2818901",28189,1,"Female",45,"Head of Household","HINDUISM","SCHEDULED CASTE",1
"2818902",28189,2,"Male",22,NA,NA,NA,NA
"2819001",28190,1,"Male",48,NA,NA,NA,NA
"2819002",28190,2,"Female",40,NA,NA,NA,NA
"2819003",28190,3,"Female",23,NA,NA,NA,NA
"2819004",28190,4,"Male",19,NA,NA,NA,NA
"2819005",28190,5,"Female",15,NA,NA,NA,NA
"2819006",28190,6,"Male",80,NA,NA,NA,NA
"2819007",28190,7,"Female",68,NA,NA,NA,NA
"2819101",28191,1,"Male",68,NA,NA,NA,NA
"2819102",28191,2,"Female",55,NA,NA,NA,NA
"2819103",28191,3,"Female",26,NA,NA,NA,NA
"2819104",28191,4,"Male",9,NA,NA,NA,NA
"2819105",28191,5,"Female",7,NA,NA,NA,NA
"2819106",28191,6,"Female",3,NA,NA,NA,NA
"2819201",28192,1,"Male",40,NA,NA,NA,NA
"2819202",28192,2,"Female",35,"Spouse of Head of Household","HINDUISM","SCHEDULED CASTE",1
"2819301",28193,1,"Male",40,"Head of Household","HINDUISM","SCHEDULED CASTE",1
"2819302",28193,2,"Female",33,"Spouse of Head of Household","HINDUISM","SCHEDULED CASTE",1
"2819303",28193,3,"Female",10,NA,NA,NA,NA
"2819401",28194,1,"Male",55,NA,NA,NA,NA
"2819402",28194,2,"Female",45,NA,NA,NA,NA
"2819403",28194,3,"Male",18,NA,NA,NA,NA
"2819404",28194,4,"Male",17,NA,NA,NA,NA
"2819405",28194,5,"Female",25,NA,NA,NA,NA
"2819501",28195,1,"Male",80,NA,NA,NA,NA
"2819502",28195,2,"Female",75,NA,NA,NA,NA
"2819503",28195,3,"Male",50,NA,NA,NA,NA
"2819504",28195,4,"Male",48,NA,NA,NA,NA
"2819505",28195,5,"Male",35,NA,NA,NA,NA
"2819506",28195,6,"Female",30,NA,NA,NA,NA
"2819507",28195,7,"Male",9,NA,NA,NA,NA
"2819601",28196,1,"Male",75,NA,NA,NA,NA
"2819602",28196,2,"Female",65,NA,NA,NA,NA
"2819701",28197,1,"Male",40,"Head of Household","HINDUISM","SCHEDULED CASTE",1
"2819702",28197,2,"Female",38,"Spouse of Head of Household","HINDUISM","SCHEDULED CASTE",1
"2819703",28197,3,"Female",19,"Other","HINDUISM","SCHEDULED CASTE",1
"2819704",28197,4,"Female",17,NA,NA,NA,NA
"2819705",28197,5,"Male",15,NA,NA,NA,NA
"2819801",28198,1,"Female",60,"Head of Household","HINDUISM","SCHEDULED CASTE",1
"2819802",28198,2,"Female",40,"Other","HINDUISM","SCHEDULED CASTE",1
"2819803",28198,3,"Female",20,NA,NA,NA,NA
"2819901",28199,1,"Male",35,NA,NA,NA,NA
"2819902",28199,2,"Female",32,NA,NA,NA,NA
"2819903",28199,3,"Female",15,NA,NA,NA,NA
"2819904",28199,4,"Male",12,NA,NA,NA,NA
"2819905",28199,5,"Male",10,NA,NA,NA,NA
"2820001",28200,1,"Male",55,NA,NA,NA,NA
"2820002",28200,2,"Female",45,NA,NA,NA,NA
"2820003",28200,3,"Male",18,NA,NA,NA,NA
"2820004",28200,4,"Male",14,NA,NA,NA,NA
"2820101",28201,1,"Male",70,NA,NA,NA,NA
"2820102",28201,2,"Female",60,NA,NA,NA,NA
"2820201",28202,1,"Male",50,NA,NA,NA,NA
"2820202",28202,2,"Female",45,NA,NA,NA,NA
"2820203",28202,3,"Female",22,NA,NA,NA,NA
"2820204",28202,4,"Female",20,NA,NA,NA,NA
"2820205",28202,5,"Female",16,NA,NA,NA,NA
"2820206",28202,6,"Male",14,NA,NA,NA,NA
"2820207",28202,7,"Female",12,NA,NA,NA,NA
"2820208",28202,8,"Male",8,NA,NA,NA,NA
"2820301",28203,1,"Male",28,NA,NA,NA,NA
"2820302",28203,2,"Female",26,NA,NA,NA,NA
"2820303",28203,3,"Female",2,NA,NA,NA,NA
"2820304",28203,4,"Male",60,NA,NA,NA,NA
"2820305",28203,5,"Female",50,NA,NA,NA,NA
"2820401",28204,1,"Female",50,NA,NA,NA,NA
"2820402",28204,2,"Female",25,NA,NA,NA,NA
"2820403",28204,3,"Female",3,NA,NA,NA,NA
"2820404",28204,4,"Male",8,NA,NA,NA,NA
"2820501",28205,1,"Male",25,NA,NA,NA,NA
"2820502",28205,2,"Female",23,NA,NA,NA,NA
"2820503",28205,3,"Male",12,NA,NA,NA,NA
"2820504",28205,4,"Male",14,NA,NA,NA,NA
"2820601",28206,1,"Male",55,NA,NA,NA,NA
"2820602",28206,2,"Female",50,NA,NA,NA,NA
"2820701",28207,1,"Male",65,NA,NA,NA,NA
"2820702",28207,2,"Female",60,"Spouse of Head of Household","HINDUISM","SCHEDULED CASTE",1
"2820703",28207,3,"Male",30,NA,NA,NA,NA
"2820704",28207,4,"Male",24,"Other","HINDUISM","SCHEDULED CASTE",1
"2820705",28207,5,"Female",20,"Other","HINDUISM","SCHEDULED CASTE",1
"2820706",28207,6,"Female",35,"Other","HINDUISM","SCHEDULED CASTE",1
"2820707",28207,7,"Female",14,NA,NA,NA,NA
"2820801",28208,1,"Male",28,NA,NA,NA,NA
"2820802",28208,2,"Female",22,NA,NA,NA,NA
"2820901",28209,1,"Male",30,NA,NA,NA,NA
"2820902",28209,2,"Female",22,NA,NA,NA,NA
"2821001",28210,1,"Male",60,NA,NA,NA,NA
"2821002",28210,2,"Female",50,NA,NA,NA,NA
"2821003",28210,3,"Female",22,NA,NA,NA,NA
"2821004",28210,4,"Female",20,NA,NA,NA,NA
"2821005",28210,5,"Female",18,NA,NA,NA,NA
"2821006",28210,6,"Female",17,NA,NA,NA,NA
"2821101",28211,1,"Male",42,"Head of Household","HINDUISM","SCHEDULED CASTE",1
"2821102",28211,2,"Male",37,"Other","HINDUISM","SCHEDULED CASTE",1
"2821103",28211,3,"Female",30,"Other","HINDUISM","SCHEDULED CASTE",1
"2821201",28212,1,"Male",50,NA,NA,NA,NA
"2821202",28212,2,"Female",45,NA,NA,NA,NA
"2821203",28212,3,"Male",28,NA,NA,NA,NA
"2821204",28212,4,"Female",25,NA,NA,NA,NA
"2821205",28212,5,"Female",5,NA,NA,NA,NA
"2821206",28212,6,"Male",3,NA,NA,NA,NA
"2821301",28213,1,"Female",28,NA,NA,NA,NA
"2821302",28213,2,"Female",11,NA,NA,NA,NA
"2821303",28213,3,"Male",8,NA,NA,NA,NA
"2821401",28214,1,"Male",30,"Head of Household","HINDUISM","SCHEDULED CASTE",1
"2821402",28214,2,"Female",26,"Spouse of Head of Household","HINDUISM","SCHEDULED CASTE",1
"2821403",28214,3,"Male",9,NA,NA,NA,NA
"2821404",28214,4,"Male",7,NA,NA,NA,NA
"2821405",28214,5,"Male",5,NA,NA,NA,NA
"2821406",28214,6,"Male",3,NA,NA,NA,NA
"2821501",28215,1,"Male",50,"Head of Household","HINDUISM","OBC",1
"2821502",28215,2,"Female",45,"Spouse of Head of Household","HINDUISM","OBC",1
"2821503",28215,3,"Female",15,NA,NA,NA,NA
"2821504",28215,4,"Female",12,NA,NA,NA,NA
"2821505",28215,5,"Male",10,NA,NA,NA,NA
"2821601",28216,1,"Female",50,NA,NA,NA,NA
"2821602",28216,2,"Female",35,NA,NA,NA,NA
"2821701",28217,1,"Female",50,"Head of Household","HINDUISM","OBC",1
"2821702",28217,2,"Male",60,"Spouse of Head of Household","HINDUISM","OBC",1
"2821703",28217,3,"Male",35,"Other","HINDUISM","OBC",1
"2821704",28217,4,"Female",30,"Other","HINDUISM","OBC",1
"2821705",28217,5,"Female",5,NA,NA,NA,NA
"2821706",28217,6,"Male",3,NA,NA,NA,NA
"2821707",28217,7,"Male",30,"Other","HINDUISM","OBC",1
"2821708",28217,8,"Female",20,"Other","HINDUISM","OBC",1
"2821709",28217,9,"Male",22,NA,NA,NA,NA
"2821801",28218,1,"Male",70,"Head of Household","HINDUISM","OBC",1
"2821802",28218,2,"Female",68,"Spouse of Head of Household","HINDUISM","OBC",1
"2821803",28218,3,"Male",52,"Other","HINDUISM","OBC",1
"2821804",28218,4,"Female",45,"Other","HINDUISM","OBC",1
"2821805",28218,5,"Male",20,NA,NA,NA,NA
"2821806",28218,6,"Female",17,NA,NA,NA,NA
"2821807",28218,7,"Female",5,NA,NA,NA,NA
"2821808",28218,8,"Male",48,"Other","HINDUISM","OBC",1
"2821809",28218,9,"Female",45,"Other","HINDUISM","OBC",1
"2821810",28218,10,"Male",15,NA,NA,NA,NA
"2821811",28218,11,"Female",13,NA,NA,NA,NA
"2821812",28218,12,"Male",46,"Other","HINDUISM","OBC",1
"2821813",28218,13,"Female",40,"Other","HINDUISM","OBC",1
"2821814",28218,14,"Male",15,NA,NA,NA,NA
"2821815",28218,15,"Male",12,NA,NA,NA,NA
"2821816",28218,16,"Male",44,"Other","HINDUISM","OBC",1
"2821817",28218,17,"Female",35,"Other","HINDUISM","OBC",1
"2821818",28218,18,"Male",7,NA,NA,NA,NA
"2821819",28218,19,"Female",5,NA,NA,NA,NA
"2821901",28219,1,"Male",34,NA,NA,NA,NA
"2821902",28219,2,"Male",30,NA,NA,NA,NA
"2821903",28219,3,"Female",25,NA,NA,NA,NA
"2821904",28219,4,"Female",3,NA,NA,NA,NA
"2822001",28220,1,"Male",35,"Head of Household","HINDUISM","OBC",1
"2822002",28220,2,"Female",25,"Spouse of Head of Household","HINDUISM","OBC",1
"2822003",28220,3,"Female",5,NA,NA,NA,NA
"2822101",28221,1,"Male",55,"Head of Household","HINDUISM","OBC",1
"2822102",28221,2,"Female",50,"Spouse of Head of Household","HINDUISM","OBC",1
"2822103",28221,3,"Female",40,"Other","HINDUISM","OBC",1
"2822104",28221,4,"Male",18,NA,NA,NA,NA
"2822105",28221,5,"Female",15,NA,NA,NA,NA
"2822106",28221,6,"Male",13,NA,NA,NA,NA
"2822107",28221,7,"Male",32,"Other","HINDUISM","OBC",1
"2822108",28221,8,"Female",27,"Other","HINDUISM","OBC",1
"2822109",28221,9,"Male",5,NA,NA,NA,NA
"2822110",28221,10,"Male",2,NA,NA,NA,NA
"2822201",28222,1,"Male",50,NA,NA,NA,NA
"2822202",28222,2,"Female",39,NA,NA,NA,NA
"2822203",28222,3,"Female",19,NA,NA,NA,NA
"2822204",28222,4,"Male",17,NA,NA,NA,NA
"2822205",28222,5,"Male",14,NA,NA,NA,NA
"2822301",28223,1,"Male",44,NA,NA,NA,NA
"2822302",28223,2,"Female",40,NA,NA,NA,NA
"2822303",28223,3,"Female",30,NA,NA,NA,NA
"2822304",28223,4,"Male",42,NA,NA,NA,NA
"2822305",28223,5,"Female",30,NA,NA,NA,NA
"2822306",28223,6,"Female",19,NA,NA,NA,NA
"2822307",28223,7,"Male",18,NA,NA,NA,NA
"2822308",28223,8,"Male",16,NA,NA,NA,NA
"2822309",28223,9,"Male",9,NA,NA,NA,NA
"2822310",28223,10,"Male",7,NA,NA,NA,NA
"2822311",28223,11,"Male",12,NA,NA,NA,NA
"2822312",28223,12,"Male",10,NA,NA,NA,NA
"2822313",28223,13,"Male",8,NA,NA,NA,NA
"2822314",28223,14,"Female",6,NA,NA,NA,NA
"2822401",28224,1,"Male",55,NA,NA,NA,NA
"2822402",28224,2,"Female",50,NA,NA,NA,NA
"2822403",28224,3,"Male",31,NA,NA,NA,NA
"2822404",28224,4,"Male",28,NA,NA,NA,NA
"2822501",28225,1,"Male",55,NA,NA,NA,NA
"2822502",28225,2,"Female",47,NA,NA,NA,NA
"2822503",28225,3,"Female",20,NA,NA,NA,NA
"2822504",28225,4,"Male",18,NA,NA,NA,NA
"2822505",28225,5,"Female",7,NA,NA,NA,NA
"2822601",28226,1,"Female",40,"Head of Household","HINDUISM","OBC",1
"2822701",28227,1,"Male",72,NA,NA,NA,NA
"2822702",28227,2,"Female",60,NA,NA,NA,NA
"2822801",28228,1,"Male",42,NA,NA,NA,NA
"2822802",28228,2,"Female",36,NA,NA,NA,NA
"2822803",28228,3,"Female",19,NA,NA,NA,NA
"2822804",28228,4,"Male",17,NA,NA,NA,NA
"2822805",28228,5,"Male",15,NA,NA,NA,NA
"2822806",28228,6,"Male",35,NA,NA,NA,NA
"2822807",28228,7,"Female",28,NA,NA,NA,NA
"2822808",28228,8,"Male",5,NA,NA,NA,NA
"2822809",28228,9,"Female",3,NA,NA,NA,NA
"2822810",28228,10,"Female",56,NA,NA,NA,NA
"2822811",28228,11,"Male",23,NA,NA,NA,NA
"2822901",28229,1,"Male",53,"Head of Household","HINDUISM","OBC",1
"2822902",28229,2,"Female",44,NA,NA,NA,NA
"2822903",28229,3,"Male",23,NA,NA,NA,NA
"2823001",28230,1,"Female",50,"Head of Household","HINDUISM","OBC",1
"2823002",28230,2,"Male",26,NA,NA,NA,NA
"2823101",28231,1,"Female",42,"Head of Household","HINDUISM","OBC",1
"2823102",28231,2,"Male",22,NA,NA,NA,NA
"2823103",28231,3,"Female",18,"Other","HINDUISM","OBC",1
"2823201",28232,1,"Male",35,NA,NA,NA,NA
"2823202",28232,2,"Male",10,NA,NA,NA,NA
"2823301",28233,1,"Male",45,"Head of Household","HINDUISM","OBC",1
"2823302",28233,2,"Female",39,"Spouse of Head of Household","HINDUISM","OBC",1
"2823303",28233,3,"Male",10,NA,NA,NA,NA
"2823304",28233,4,"Female",13,NA,NA,NA,NA
"2823305",28233,5,"Female",80,NA,NA,NA,NA
"2823401",28234,1,"Male",55,NA,NA,NA,NA
"2823402",28234,2,"Female",50,NA,NA,NA,NA
"2823403",28234,3,"Male",18,NA,NA,NA,NA
"2823404",28234,4,"Female",16,NA,NA,NA,NA
"2823405",28234,5,"Female",14,NA,NA,NA,NA
"2823406",28234,6,"Male",53,NA,NA,NA,NA
"2823407",28234,7,"Male",22,NA,NA,NA,NA
"2823408",28234,8,"Female",20,NA,NA,NA,NA
"2823409",28234,9,"Male",15,NA,NA,NA,NA
"2823410",28234,10,"Male",50,NA,NA,NA,NA
"2823411",28234,11,"Female",40,NA,NA,NA,NA
"2823412",28234,12,"Male",18,NA,NA,NA,NA
"2823413",28234,13,"Male",16,NA,NA,NA,NA
"2823414",28234,14,"Female",14,NA,NA,NA,NA
"2823415",28234,15,"Male",48,NA,NA,NA,NA
"2823416",28234,16,"Female",28,NA,NA,NA,NA
"2823417",28234,17,"Male",8,NA,NA,NA,NA
"2823418",28234,18,"Female",5,NA,NA,NA,NA
"2823419",28234,19,"Male",45,NA,NA,NA,NA
"2823420",28234,20,"Female",27,NA,NA,NA,NA
"2823421",28234,21,"Female",25,NA,NA,NA,NA
"2823422",28234,22,"Male",12,NA,NA,NA,NA
"2823423",28234,23,"Female",8,NA,NA,NA,NA
"2823424",28234,24,"Female",10,NA,NA,NA,NA
"2823425",28234,25,"Male",40,NA,NA,NA,NA
"2823426",28234,26,"Female",30,NA,NA,NA,NA
"2823427",28234,27,"Male",8,NA,NA,NA,NA
"2823428",28234,28,"Female",1,NA,NA,NA,NA
"2823429",28234,29,"Female",75,NA,NA,NA,NA
"2823501",28235,1,"Male",50,NA,NA,NA,NA
"2823502",28235,2,"Female",40,NA,NA,NA,NA
"2823503",28235,3,"Female",17,NA,NA,NA,NA
"2823504",28235,4,"Female",14,NA,NA,NA,NA
"2823505",28235,5,"Female",13,NA,NA,NA,NA
"2823506",28235,6,"Male",9,NA,NA,NA,NA
"2823507",28235,7,"Female",68,NA,NA,NA,NA
"2823601",28236,1,"Male",65,"Head of Household","HINDUISM","OBC",1
"2823602",28236,2,"Female",55,"Spouse of Head of Household","HINDUISM","OBC",1
"2823603",28236,3,"Female",23,"Other","HINDUISM","OBC",1
"2823604",28236,4,"Female",21,NA,NA,NA,NA
"2823605",28236,5,"Female",17,NA,NA,NA,NA
"2823606",28236,6,"Male",19,NA,NA,NA,NA
"2823701",28237,1,"Male",40,NA,NA,NA,NA
"2823702",28237,2,"Female",35,NA,NA,NA,NA
"2823703",28237,3,"Male",8,NA,NA,NA,NA
"2823801",28238,1,"Male",50,"Head of Household","HINDUISM","OBC",1
"2823802",28238,2,"Female",45,"Spouse of Head of Household","HINDUISM","OBC",1
"2823803",28238,3,"Female",19,"Other","HINDUISM","OBC",1
"2823804",28238,4,"Male",17,NA,NA,NA,NA
"2823805",28238,5,"Male",15,NA,NA,NA,NA
"2823901",28239,1,"Male",38,NA,NA,NA,NA
"2823902",28239,2,"Female",28,"Spouse of Head of Household","HINDUISM","OBC",1
"2823903",28239,3,"Male",7,NA,NA,NA,NA
"2823904",28239,4,"Male",5,NA,NA,NA,NA
"2823905",28239,5,"Male",35,"Other","HINDUISM","OBC",1
"2823906",28239,6,"Female",26,"Other","HINDUISM","OBC",1
"2823907",28239,7,"Female",2,NA,NA,NA,NA
"2823908",28239,8,"Female",9,NA,NA,NA,NA
"2824001",28240,1,"Male",42,"Head of Household","HINDUISM","GENERAL",1
"2824002",28240,2,"Female",34,"Spouse of Head of Household","HINDUISM","GENERAL",1
"2824003",28240,3,"Female",14,NA,NA,NA,NA
"2824004",28240,4,"Female",55,NA,NA,NA,NA
"2824101",28241,1,"Male",44,NA,NA,NA,NA
"2824102",28241,2,"Female",36,NA,NA,NA,NA
"2824103",28241,3,"Female",19,NA,NA,NA,NA
"2824104",28241,4,"Female",18,NA,NA,NA,NA
"2824105",28241,5,"Male",16,NA,NA,NA,NA
"2824106",28241,6,"Male",14,NA,NA,NA,NA
"2824201",28242,1,"Male",50,NA,NA,NA,NA
"2824202",28242,2,"Male",20,NA,NA,NA,NA
"2824203",28242,3,"Male",19,NA,NA,NA,NA
"2824204",28242,4,"Female",18,NA,NA,NA,NA
"2824205",28242,5,"Female",14,NA,NA,NA,NA
"2824206",28242,6,"Male",11,NA,NA,NA,NA
"2824301",28243,1,"Male",65,"Head of Household","HINDUISM","OBC",1
"2824302",28243,2,"Female",58,"Spouse of Head of Household","HINDUISM","OBC",1
"2824303",28243,3,"Female",35,"Other","HINDUISM","OBC",1
"2824304",28243,4,"Female",28,"Other","HINDUISM","OBC",1
"2824305",28243,5,"Male",9,NA,NA,NA,NA
"2824306",28243,6,"Female",5,NA,NA,NA,NA
"2824307",28243,7,"Male",32,"Other","HINDUISM","OBC",1
"2824308",28243,8,"Female",25,"Other","HINDUISM","OBC",1
"2824309",28243,9,"Female",4,NA,NA,NA,NA
"2824310",28243,10,"Male",28,NA,NA,NA,NA
"2824401",28244,1,"Female",60,NA,NA,NA,NA
"2824402",28244,2,"Female",28,NA,NA,NA,NA
"2824403",28244,3,"Male",35,NA,NA,NA,NA
"2824404",28244,4,"Female",3,NA,NA,NA,NA
"2824405",28244,5,"Female",8,NA,NA,NA,NA
"2824501",28245,1,"Male",40,"Head of Household","HINDUISM","OBC",1
"2824502",28245,2,"Female",31,"Spouse of Head of Household","HINDUISM","OBC",1
"2824503",28245,3,"Male",6,NA,NA,NA,NA
"2824504",28245,4,"Female",5,NA,NA,NA,NA
"2824601",28246,1,"Male",75,NA,NA,NA,NA
"2824602",28246,2,"Female",70,NA,NA,NA,NA
"2824701",28247,1,"Male",65,NA,NA,NA,NA
"2824702",28247,2,"Female",50,NA,NA,NA,NA
"2824703",28247,3,"Female",16,NA,NA,NA,NA
"2824801",28248,1,"Male",49,NA,NA,NA,NA
"2824802",28248,2,"Female",42,NA,NA,NA,NA
"2824803",28248,3,"Male",25,NA,NA,NA,NA
"2824804",28248,4,"Female",23,NA,NA,NA,NA
"2824805",28248,5,"Male",12,NA,NA,NA,NA
"2824901",28249,1,"Male",75,"Head of Household","HINDUISM","SCHEDULED CASTE",1
"2824902",28249,2,"Female",58,"Spouse of Head of Household","HINDUISM","SCHEDULED CASTE",1
"2824903",28249,3,"Male",45,"Other","HINDUISM","SCHEDULED CASTE",1
"2824904",28249,4,"Female",38,"Other","HINDUISM","SCHEDULED CASTE",1
"2824905",28249,5,"Female",19,"Other","HINDUISM","SCHEDULED CASTE",1
"2824906",28249,6,"Male",17,NA,NA,NA,NA
"2824907",28249,7,"Male",15,NA,NA,NA,NA
"2825001",28250,1,"Male",24,"Head of Household","HINDUISM","SCHEDULED CASTE",1
"2825002",28250,2,"Female",20,"Spouse of Head of Household","HINDUISM","SCHEDULED CASTE",1
"2825003",28250,3,"Male",55,"Other","HINDUISM","SCHEDULED CASTE",1
"2825004",28250,4,"Female",50,"Other","HINDUISM","SCHEDULED CASTE",1
"2825005",28250,5,"Male",26,"Other","HINDUISM","SCHEDULED CASTE",1
"2825006",28250,6,"Female",20,"Other","HINDUISM","SCHEDULED CASTE",1
"2825007",28250,7,"Female",2,NA,NA,NA,NA
"2825008",28250,8,"Female",21,NA,NA,NA,NA
"2825009",28250,9,"Female",13,NA,NA,NA,NA
"2825101",28251,1,"Male",30,"Head of Household","HINDUISM","GENERAL",1
"2825102",28251,2,"Female",32,"Spouse of Head of Household","ISLAM","OBC",1
"2825201",28252,1,"Male",27,NA,NA,NA,NA
"2825202",28252,2,"Female",24,NA,NA,NA,NA
"2825203",28252,3,"Female",4,NA,NA,NA,NA
"2825204",28252,4,"Female",3,NA,NA,NA,NA
"2825301",28253,1,"Male",40,"Head of Household","HINDUISM","SCHEDULED CASTE",1
"2825302",28253,2,"Female",30,"Spouse of Head of Household","HINDUISM","SCHEDULED CASTE",1
"2825303",28253,3,"Female",12,NA,NA,NA,NA
"2825304",28253,4,"Male",10,NA,NA,NA,NA
"2825305",28253,5,"Male",7,NA,NA,NA,NA
"2825306",28253,6,"Female",70,NA,NA,NA,NA
"2825401",28254,1,"Male",50,"Head of Household","HINDUISM","SCHEDULED CASTE",1
"2825402",28254,2,"Female",45,"Spouse of Head of Household","HINDUISM","SCHEDULED CASTE",1
"2825403",28254,3,"Female",18,"Other","HINDUISM","SCHEDULED CASTE",1
"2825404",28254,4,"Male",16,NA,NA,NA,NA
"2825405",28254,5,"Male",14,NA,NA,NA,NA
"2825406",28254,6,"Male",12,NA,NA,NA,NA
"2825407",28254,7,"Male",8,NA,NA,NA,NA
"2825408",28254,8,"Female",5,NA,NA,NA,NA
"2825501",28255,1,"Male",60,"Head of Household","HINDUISM","SCHEDULED CASTE",1
"2825502",28255,2,"Female",50,"Spouse of Head of Household","HINDUISM","SCHEDULED CASTE",1
"2825503",28255,3,"Male",30,"Other","HINDUISM","SCHEDULED CASTE",1
"2825504",28255,4,"Female",22,"Other","HINDUISM","SCHEDULED CASTE",1
"2825505",28255,5,"Male",12,NA,NA,NA,NA
"2825506",28255,6,"Male",24,NA,NA,NA,NA
"2825507",28255,7,"Male",18,NA,NA,NA,NA
"2825601",28256,1,"Male",52,"Head of Household","HINDUISM","SCHEDULED CASTE",1
"2825602",28256,2,"Female",45,"Spouse of Head of Household","HINDUISM","SCHEDULED CASTE",1
"2825603",28256,3,"Male",25,NA,NA,NA,NA
"2825604",28256,4,"Male",23,NA,NA,NA,NA
"2825605",28256,5,"Female",19,"Other","HINDUISM","SCHEDULED CASTE",1
"2825606",28256,6,"Female",70,NA,NA,NA,NA
"2825701",28257,1,"Female",68,NA,NA,NA,NA
"2825702",28257,2,"Female",25,NA,NA,NA,NA
"2825703",28257,3,"Male",35,NA,NA,NA,NA
"2825704",28257,4,"Female",7,NA,NA,NA,NA
"2825705",28257,5,"Female",5,NA,NA,NA,NA
"2825706",28257,6,"Male",3,NA,NA,NA,NA
"2825801",28258,1,"Male",50,NA,NA,NA,NA
"2825802",28258,2,"Female",46,NA,NA,NA,NA
"2825803",28258,3,"Female",25,NA,NA,NA,NA
"2825804",28258,4,"Female",23,NA,NA,NA,NA
"2825805",28258,5,"Female",16,NA,NA,NA,NA
"2825806",28258,6,"Female",15,NA,NA,NA,NA
"2825807",28258,7,"Female",12,NA,NA,NA,NA
"2825808",28258,8,"Female",65,NA,NA,NA,NA
"2825809",28258,9,"Male",42,NA,NA,NA,NA
"2825901",28259,1,"Male",50,"Head of Household","HINDUISM","SCHEDULED CASTE",1
"2825902",28259,2,"Female",42,"Spouse of Head of Household","HINDUISM","SCHEDULED CASTE",1
"2825903",28259,3,"Female",19,"Other","HINDUISM","SCHEDULED CASTE",1
"2825904",28259,4,"Male",17,NA,NA,NA,NA
"2825905",28259,5,"Male",15,NA,NA,NA,NA
"2826001",28260,1,"Male",40,NA,NA,NA,NA
"2826002",28260,2,"Female",36,NA,NA,NA,NA
"2826003",28260,3,"Female",17,NA,NA,NA,NA
"2826004",28260,4,"Male",15,NA,NA,NA,NA
"2826101",28261,1,"Male",55,NA,NA,NA,NA
"2826102",28261,2,"Female",45,NA,NA,NA,NA
"2826103",28261,3,"Male",27,NA,NA,NA,NA
"2826104",28261,4,"Female",21,NA,NA,NA,NA
"2826105",28261,5,"Male",19,NA,NA,NA,NA
"2826106",28261,6,"Male",17,NA,NA,NA,NA
"2826201",28262,1,"Male",45,NA,NA,NA,NA
"2826202",28262,2,"Female",38,NA,NA,NA,NA
"2826203",28262,3,"Female",17,NA,NA,NA,NA
"2826204",28262,4,"Female",15,NA,NA,NA,NA
"2826205",28262,5,"Female",13,NA,NA,NA,NA
"2826206",28262,6,"Male",22,NA,NA,NA,NA
"2826301",28263,1,"Male",68,NA,NA,NA,NA
"2826302",28263,2,"Female",65,NA,NA,NA,NA
"2826303",28263,3,"Female",21,NA,NA,NA,NA
"2826304",28263,4,"Male",18,NA,NA,NA,NA
"2826401",28264,1,"Male",70,NA,NA,NA,NA
"2826402",28264,2,"Female",55,NA,NA,NA,NA
"2826403",28264,3,"Male",35,NA,NA,NA,NA
"2826404",28264,4,"Female",22,NA,NA,NA,NA
"2826405",28264,5,"Female",5,NA,NA,NA,NA
"2826406",28264,6,"Male",30,NA,NA,NA,NA
"2826407",28264,7,"Female",19,NA,NA,NA,NA
"2826408",28264,8,"Female",8,NA,NA,NA,NA
"2826501",28265,1,"Male",50,NA,NA,NA,NA
"2826502",28265,2,"Female",40,NA,NA,NA,NA
"2826503",28265,3,"Male",10,NA,NA,NA,NA
"2826504",28265,4,"Female",8,NA,NA,NA,NA
"2826601",28266,1,"Male",30,"Head of Household","HINDUISM","OBC",1
"2826602",28266,2,"Female",19,"Spouse of Head of Household","HINDUISM","OBC",1
"2826603",28266,3,"Female",60,NA,NA,NA,NA
"2826701",28267,1,"Male",55,"Head of Household","HINDUISM","OBC",1
"2826702",28267,2,"Female",45,"Spouse of Head of Household","HINDUISM","OBC",1
"2826703",28267,3,"Male",29,NA,NA,NA,NA
"2826704",28267,4,"Female",21,"Other","HINDUISM","OBC",1
"2826705",28267,5,"Male",19,NA,NA,NA,NA
"2826706",28267,6,"Female",70,NA,NA,NA,NA
"2826801",28268,1,"Female",75,"Head of Household","HINDUISM","OBC",1
"2826802",28268,2,"Female",30,"Other","HINDUISM","OBC",1
"2826803",28268,3,"Female",3,NA,NA,NA,NA
"2826804",28268,4,"Female",25,NA,NA,NA,NA
"2826901",28269,1,"Male",32,"Head of Household","HINDUISM","OBC",1
"2826902",28269,2,"Female",25,"Spouse of Head of Household","HINDUISM","OBC",1
"2826903",28269,3,"Female",4,NA,NA,NA,NA
"2826904",28269,4,"Female",2,NA,NA,NA,NA
"2826905",28269,5,"Male",8,NA,NA,NA,NA
"2826906",28269,6,"Male",30,"Other","HINDUISM","OBC",1
"2826907",28269,7,"Female",24,"Other","HINDUISM","OBC",1
"2826908",28269,8,"Female",4,NA,NA,NA,NA
"2826909",28269,9,"Female",2,NA,NA,NA,NA
"2826910",28269,10,"Female",70,NA,NA,NA,NA
"2827001",28270,1,"Male",46,"Head of Household","HINDUISM","OBC",1
"2827002",28270,2,"Female",42,"Spouse of Head of Household","HINDUISM","OBC",1
"2827003",28270,3,"Female",8,NA,NA,NA,NA
"2827004",28270,4,"Female",3,NA,NA,NA,NA
"2827005",28270,5,"Female",6,NA,NA,NA,NA
"2827101",28271,1,"Male",45,NA,NA,NA,NA
"2827102",28271,2,"Female",34,NA,NA,NA,NA
"2827103",28271,3,"Female",18,NA,NA,NA,NA
"2827104",28271,4,"Female",14,NA,NA,NA,NA
"2827105",28271,5,"Male",7,NA,NA,NA,NA
"2827201",28272,1,"Male",55,NA,NA,NA,NA
"2827202",28272,2,"Female",40,NA,NA,NA,NA
"2827203",28272,3,"Male",22,NA,NA,NA,NA
"2827204",28272,4,"Female",19,NA,NA,NA,NA
"2827205",28272,5,"Male",18,NA,NA,NA,NA
"2827206",28272,6,"Male",16,NA,NA,NA,NA
"2827301",28273,1,"Male",75,NA,NA,NA,NA
"2827302",28273,2,"Female",66,NA,NA,NA,NA
"2827303",28273,3,"Male",22,NA,NA,NA,NA
"2827304",28273,4,"Female",20,NA,NA,NA,NA
"2827305",28273,5,"Male",40,NA,NA,NA,NA
"2827306",28273,6,"Female",30,NA,NA,NA,NA
"2827307",28273,7,"Female",6,NA,NA,NA,NA
"2827308",28273,8,"Female",5,NA,NA,NA,NA
"2827401",28274,1,"Female",55,"Head of Household","HINDUISM","OBC",1
"2827402",28274,2,"Male",32,"Other","HINDUISM","OBC",1
"2827403",28274,3,"Female",22,"Other","HINDUISM","OBC",1
"2827404",28274,4,"Male",26,"Other","HINDUISM","OBC",1
"2827405",28274,5,"Female",18,"Other","HINDUISM","OBC",1
"2827406",28274,6,"Female",17,NA,NA,NA,NA
"2827407",28274,7,"Male",16,NA,NA,NA,NA
"2827408",28274,8,"Female",7,NA,NA,NA,NA
"2827409",28274,9,"Male",5,NA,NA,NA,NA
"2827501",28275,1,"Male",45,"Head of Household","HINDUISM","OBC",1
"2827502",28275,2,"Female",35,"Spouse of Head of Household","HINDUISM","OBC",1
"2827503",28275,3,"Male",16,NA,NA,NA,NA
"2827504",28275,4,"Male",14,NA,NA,NA,NA
"2827505",28275,5,"Female",65,NA,NA,NA,NA
"2827601",28276,1,"Male",60,"Head of Household","HINDUISM","OBC",1
"2827602",28276,2,"Female",50,"Spouse of Head of Household","HINDUISM","OBC",1
"2827603",28276,3,"Male",30,"Other","HINDUISM","OBC",1
"2827604",28276,4,"Female",20,"Other","HINDUISM","OBC",1
"2827605",28276,5,"Male",28,"Other","HINDUISM","OBC",1
"2827606",28276,6,"Female",22,NA,NA,NA,NA
"2827607",28276,7,"Male",9,NA,NA,NA,NA
"2827608",28276,8,"Female",7,NA,NA,NA,NA
"2827609",28276,9,"Female",22,NA,NA,NA,NA
"2827610",28276,10,"Male",12,NA,NA,NA,NA
"2827701",28277,1,"Female",50,NA,NA,NA,NA
"2827801",28278,1,"Male",50,NA,NA,NA,NA
"2827802",28278,2,"Female",40,NA,NA,NA,NA
"2827803",28278,3,"Male",20,NA,NA,NA,NA
"2827901",28279,1,"Male",75,"Head of Household","HINDUISM","OBC",1
"2827902",28279,2,"Female",50,"Spouse of Head of Household","HINDUISM","OBC",1
"2827903",28279,3,"Female",30,"Other","HINDUISM","SCHEDULED CASTE",1
"2827904",28279,4,"Male",8,NA,NA,NA,NA
"2827905",28279,5,"Female",6,NA,NA,NA,NA
"2828001",28280,1,"Male",50,NA,NA,NA,NA
"2828002",28280,2,"Female",42,NA,NA,NA,NA
"2828003",28280,3,"Male",22,NA,NA,NA,NA
"2828101",28281,1,"Male",45,NA,NA,NA,NA
"2828102",28281,2,"Female",37,NA,NA,NA,NA
"2828103",28281,3,"Female",18,NA,NA,NA,NA
"2828104",28281,4,"Male",15,NA,NA,NA,NA
"2828201",28282,1,"Male",38,NA,NA,NA,NA
"2828202",28282,2,"Female",32,NA,NA,NA,NA
"2828203",28282,3,"Male",15,NA,NA,NA,NA
"2828204",28282,4,"Female",12,NA,NA,NA,NA
"2828301",28283,1,"Male",55,"Head of Household","HINDUISM","OBC",1
"2828302",28283,2,"Female",45,"Spouse of Head of Household","HINDUISM","OBC",1
"2828303",28283,3,"Male",30,"Other","HINDUISM","OBC",1
"2828304",28283,4,"Female",20,"Other","HINDUISM","OBC",1
"2828305",28283,5,"Female",18,NA,NA,NA,NA
"2828401",28284,1,"Male",42,NA,NA,NA,NA
"2828402",28284,2,"Female",31,NA,NA,NA,NA
"2828403",28284,3,"Male",12,NA,NA,NA,NA
"2828501",28285,1,"Male",45,"Head of Household","HINDUISM","OBC",1
"2828502",28285,2,"Female",37,"Spouse of Head of Household","HINDUISM","OBC",1
"2828503",28285,3,"Female",18,NA,NA,NA,NA
"2828504",28285,4,"Female",13,NA,NA,NA,NA
"2828505",28285,5,"Male",7,NA,NA,NA,NA
"2828601",28286,1,"Male",52,"Head of Household","HINDUISM","OBC",1
"2828602",28286,2,"Female",35,"Spouse of Head of Household","HINDUISM","OBC",1
"2828603",28286,3,"Male",17,NA,NA,NA,NA
"2828604",28286,4,"Female",13,NA,NA,NA,NA
"2828605",28286,5,"Female",85,NA,NA,NA,NA
"2828701",28287,1,"Male",55,"Head of Household","HINDUISM","OBC",1
"2828702",28287,2,"Female",48,"Spouse of Head of Household","HINDUISM","OBC",1
"2828703",28287,3,"Male",30,NA,NA,NA,NA
"2828704",28287,4,"Male",26,NA,NA,NA,NA
"2828705",28287,5,"Female",5,NA,NA,NA,NA
"2828706",28287,6,"Male",3,NA,NA,NA,NA
"2828801",28288,1,"Male",46,NA,NA,NA,NA
"2828802",28288,2,"Female",36,NA,NA,NA,NA
"2828803",28288,3,"Male",17,NA,NA,NA,NA
"2828804",28288,4,"Male",15,NA,NA,NA,NA
"2828805",28288,5,"Male",38,NA,NA,NA,NA
"2828806",28288,6,"Female",27,NA,NA,NA,NA
"2828807",28288,7,"Female",7,NA,NA,NA,NA
"2828808",28288,8,"Female",5,NA,NA,NA,NA
"2828809",28288,9,"Female",3,NA,NA,NA,NA
"2828901",28289,1,"Male",45,"Head of Household","HINDUISM","OBC",1
"2828902",28289,2,"Female",38,"Spouse of Head of Household","HINDUISM","OBC",1
"2828903",28289,3,"Female",12,NA,NA,NA,NA
"2828904",28289,4,"Male",10,NA,NA,NA,NA
"2829001",28290,1,"Male",45,"Head of Household","HINDUISM","OBC",1
"2829002",28290,2,"Female",32,"Spouse of Head of Household","HINDUISM","OBC",1
"2829003",28290,3,"Female",10,NA,NA,NA,NA
"2829004",28290,4,"Female",8,NA,NA,NA,NA
"2829005",28290,5,"Female",4,NA,NA,NA,NA
"2829006",28290,6,"Female",1,NA,NA,NA,NA
"2829007",28290,7,"Female",68,NA,NA,NA,NA
"2829101",28291,1,"Male",20,NA,NA,NA,NA
"2829102",28291,2,"Male",18,NA,NA,NA,NA
"2829103",28291,3,"Male",74,NA,NA,NA,NA
"2829104",28291,4,"Female",53,NA,NA,NA,NA
"2829201",28292,1,"Female",47,NA,NA,NA,NA
"2829202",28292,2,"Female",15,NA,NA,NA,NA
"2829203",28292,3,"Female",11,NA,NA,NA,NA
"2829301",28293,1,"Male",31,"Head of Household","HINDUISM","OBC",1
"2829302",28293,2,"Female",27,"Spouse of Head of Household","HINDUISM","OBC",1
"2829303",28293,3,"Female",1,NA,NA,NA,NA
"2829401",28294,1,"Male",60,NA,NA,NA,NA
"2829402",28294,2,"Female",55,NA,NA,NA,NA
"2829403",28294,3,"Male",35,NA,NA,NA,NA
"2829404",28294,4,"Female",30,NA,NA,NA,NA
"2829405",28294,5,"Female",13,NA,NA,NA,NA
"2829406",28294,6,"Male",10,NA,NA,NA,NA
"2829407",28294,7,"Male",32,NA,NA,NA,NA
"2829408",28294,8,"Male",29,NA,NA,NA,NA
"2829409",28294,9,"Female",22,NA,NA,NA,NA
"2829501",28295,1,"Male",35,NA,NA,NA,NA
"2829502",28295,2,"Female",30,NA,NA,NA,NA
"2829503",28295,3,"Female",11,NA,NA,NA,NA
"2829504",28295,4,"Male",9,NA,NA,NA,NA
"2829601",28296,1,"Male",50,"Head of Household","HINDUISM","OBC",1
"2829602",28296,2,"Female",45,"Spouse of Head of Household","HINDUISM","OBC",1
"2829603",28296,3,"Male",22,NA,NA,NA,NA
"2829604",28296,4,"Male",20,NA,NA,NA,NA
"2829701",28297,1,"Male",70,"Head of Household","HINDUISM","OBC",1
"2829702",28297,2,"Female",50,"Spouse of Head of Household","HINDUISM","OBC",1
"2829703",28297,3,"Male",30,"Other","HINDUISM","OBC",1
"2829704",28297,4,"Female",25,NA,NA,NA,NA
"2829705",28297,5,"Female",2,NA,NA,NA,NA
"2829706",28297,6,"Female",3,NA,NA,NA,NA
"2829707",28297,7,"Male",28,NA,NA,NA,NA
"2829708",28297,8,"Male",25,NA,NA,NA,NA
"2829709",28297,9,"Female",19,"Other","HINDUISM","OBC",1
"2829710",28297,10,"Female",17,NA,NA,NA,NA
"2829801",28298,1,"Male",25,NA,NA,NA,NA
"2829802",28298,2,"Male",20,NA,NA,NA,NA
"2829803",28298,3,"Male",18,NA,NA,NA,NA
"2829804",28298,4,"Female",55,NA,NA,NA,NA
"2829901",28299,1,"Male",40,NA,NA,NA,NA
"2829902",28299,2,"Female",35,NA,NA,NA,NA
"2829903",28299,3,"Female",12,NA,NA,NA,NA
"2829904",28299,4,"Male",10,NA,NA,NA,NA
"2829905",28299,5,"Female",60,NA,NA,NA,NA
"2830001",28300,1,"Male",50,NA,NA,NA,NA
"2830002",28300,2,"Female",40,NA,NA,NA,NA
"2830003",28300,3,"Female",18,NA,NA,NA,NA
"2830004",28300,4,"Female",14,NA,NA,NA,NA
"2830005",28300,5,"Female",12,NA,NA,NA,NA
"2830101",28301,1,"Male",55,NA,NA,NA,NA
"2830102",28301,2,"Female",40,NA,NA,NA,NA
"2830103",28301,3,"Female",18,NA,NA,NA,NA
"2830201",28302,1,"Female",40,NA,NA,NA,NA
"2830202",28302,2,"Female",18,NA,NA,NA,NA
"2830203",28302,3,"Male",13,NA,NA,NA,NA
"2830301",28303,1,"Male",60,"Head of Household","HINDUISM","OBC",1
"2830302",28303,2,"Female",55,"Spouse of Head of Household","HINDUISM","OBC",1
"2830303",28303,3,"Male",29,NA,NA,NA,NA
"2830304",28303,4,"Female",22,"Other","HINDUISM","OBC",1
"2830305",28303,5,"Female",19,"Other","HINDUISM","OBC",1
"2830401",28304,1,"Male",57,"Head of Household","HINDUISM","OBC",1
"2830402",28304,2,"Female",48,"Spouse of Head of Household","HINDUISM","OBC",1
"2830403",28304,3,"Male",23,NA,NA,NA,NA
"2830404",28304,4,"Male",21,NA,NA,NA,NA
"2830405",28304,5,"Male",15,NA,NA,NA,NA
"2830406",28304,6,"Male",13,NA,NA,NA,NA
"2830501",28305,1,"Male",40,NA,NA,NA,NA
"2830502",28305,2,"Female",28,NA,NA,NA,NA
"2830503",28305,3,"Male",10,NA,NA,NA,NA
"2830504",28305,4,"Male",7,NA,NA,NA,NA
"2830505",28305,5,"Female",65,NA,NA,NA,NA
"2830601",28306,1,"Female",45,NA,NA,NA,NA
"2830701",28307,1,"Male",40,NA,NA,NA,NA
"2830702",28307,2,"Male",18,NA,NA,NA,NA
"2830703",28307,3,"Male",15,NA,NA,NA,NA
"2830801",28308,1,"Male",55,NA,NA,NA,NA
"2830802",28308,2,"Female",50,NA,NA,NA,NA
"2830803",28308,3,"Male",22,NA,NA,NA,NA
"2830804",28308,4,"Male",19,NA,NA,NA,NA
"2830901",28309,1,"Male",65,NA,NA,NA,NA
"2830902",28309,2,"Female",62,NA,NA,NA,NA
"2830903",28309,3,"Male",32,NA,NA,NA,NA
"2830904",28309,4,"Female",30,NA,NA,NA,NA
"2830905",28309,5,"Female",11,NA,NA,NA,NA
"2830906",28309,6,"Male",2,NA,NA,NA,NA
"2830907",28309,7,"Male",30,NA,NA,NA,NA
"2830908",28309,8,"Female",26,NA,NA,NA,NA
"2830909",28309,9,"Male",26,NA,NA,NA,NA
"2830910",28309,10,"Female",90,NA,NA,NA,NA
"2831001",28310,1,"Male",60,NA,NA,NA,NA
"2831002",28310,2,"Female",55,NA,NA,NA,NA
"2831003",28310,3,"Male",38,NA,NA,NA,NA
"2831004",28310,4,"Female",29,NA,NA,NA,NA
"2831005",28310,5,"Female",3,NA,NA,NA,NA
"2831006",28310,6,"Male",12,NA,NA,NA,NA
"2831007",28310,7,"Male",30,NA,NA,NA,NA
"2831008",28310,8,"Female",23,NA,NA,NA,NA
"2831101",28311,1,"Male",30,NA,NA,NA,NA
"2831102",28311,2,"Female",24,NA,NA,NA,NA
"2831103",28311,3,"Male",5,NA,NA,NA,NA
"2831104",28311,4,"Male",18,NA,NA,NA,NA
"2831105",28311,5,"Male",28,NA,NA,NA,NA
"2831106",28311,6,"Female",22,NA,NA,NA,NA
"2831107",28311,7,"Female",5,NA,NA,NA,NA
"2831108",28311,8,"Male",22,NA,NA,NA,NA
"2831109",28311,9,"Female",45,NA,NA,NA,NA
"2831201",28312,1,"Male",40,NA,NA,NA,NA
"2831202",28312,2,"Female",30,NA,NA,NA,NA
"2831203",28312,3,"Male",70,NA,NA,NA,NA
"2831204",28312,4,"Female",65,NA,NA,NA,NA
"2831301",28313,1,"Male",28,NA,NA,NA,NA
"2831302",28313,2,"Female",20,NA,NA,NA,NA
"2831401",28314,1,"Male",70,NA,NA,NA,NA
"2831402",28314,2,"Female",60,NA,NA,NA,NA
"2831501",28315,1,"Female",42,NA,NA,NA,NA
